claim,label,language,source,url
"images, cartoons, memes, objects, gestures and symbols",MISLEADING,en,altnews,https://www.altnews.in/alt-news-policy-on-hate-speech/
"What the Data Shows: 39,604 Voters in Limbo",MISLEADING,en,altnews,https://www.altnews.in/bengal-sir-the-wall-eci-built-around-electoral-data-and-how-we-broke-through-it/
1. Flag of Indian Union Muslim League posted as Pakistani flag at a Congress rally,MISLEADING,en,altnews,https://www.altnews.in/facebook-page-bjp-all-india-serial-purveyor-of-fake-news/
‘तार्किक विसंगति’: भारतीय चुनावी इतिहास में एक अभूतपूर्व अवधारणा,MISLEADING,hi,altnews,https://www.altnews.in/hindi/bengal-sir-the-wall-eci-built-around-electoral-data-and-how-we-broke-through-it/
"12 मार्च 2026 की वह दोपहर श्रम अधिकार कार्यकर्ता शिव कुमार के लिए किसी भी अन्य दिन जैसी ही थी. वो दिल्ली यूनिवर्सिटी की छात्रा और छात्र संगठन BSCEM से जुड़ी इलाक्किया के साथ ‘साम्राज्यवाद विरोधी सप्ताह’ की तैयारियों पर चर्चा के लिए सचिन एन. से मिलने दयाल सिंह कॉलेज, दिल्ली पहुंचा था . हालांकि, सचिन को देर हो रही थी, इसलिए वो दोनों कॉलेज की कैंटीन में दोपहर का भोजन कर रहे थे, इस बात से बेखबर कि उन पर पैनी नज़र रखी जा रही थी. जैसे ही वे जेएलएन मेट्रो स्टेशन के गेट नंबर 5 के पास से कॉलेज परिसर से बाहर निकले, उनकी दुनिया अचानक बदल गई.",MISLEADING,hi,altnews,https://www.altnews.in/hindi/case-of-alleged-kidnapping-and-custodial-torture-of-activists-in-delhi-special-cell-under-scrutiny/
"सत्ता को आईना दिखाने वाली पत्रकारिता का कॉरपोरेट और राजनीति, दोनों के नियंत्रण से मुक्त होना बुनियादी ज़रूरत है. और ये तभी संभव है जब जनता ऐसी पत्रकारिता का हर मोड़ पर साथ दे. फ़ेक न्यूज़ और ग़लत जानकारियों के खिलाफ़ इस लड़ाई में हमारी मदद करें. नीचे दिए गए बटन पर क्लिक कर ऑल्ट न्यूज़ को डोनेट करें.",MISLEADING,hi,altnews,https://www.altnews.in/hindi/congress-leaders-shared-an-edited-video-featuring-a-pakistani-panelists-remark-on-chitra-tripathis-makeup/
"आज़म ख़ान समाजवादी पार्टी के मंच पर खड़ा होकर बाबा साहब अंबेडकर के सम्मान में गुस्ताखी कर रहा था और वो कहा रहा था कि ये अंबेडकर भू-माफिया है ये जिस प्लॉट पर खड़ा होता है, उस प्लॉट को कब्ज़ाता है और फिर उंगली उठाकर के कहता है कि अगला प्लॉट आप जाकर कब्ज़ा लीजिए. ये भाषा थी आपके नेता की",MISLEADING,hi,altnews,https://www.altnews.in/hindi/did-formar-bjp-mla-sangeet-som-insulted-dr-ambedkar-by-calling-land-mafia-clipped-video-viral/
"सत्ता को आईना दिखाने वाली पत्रकारिता का कॉरपोरेट और राजनीति, दोनों के नियंत्रण से मुक्त होना बुनियादी ज़रूरत है. और ये तभी संभव है जब जनता ऐसी पत्रकारिता का हर मोड़ पर साथ दे. फ़ेक न्यूज़ और ग़लत जानकारियों के खिलाफ़ इस लड़ाई में हमारी मदद करें. नीचे दिए गए बटन पर क्लिक कर ऑल्ट न्यूज़ को डोनेट करें.",MISLEADING,hi,altnews,https://www.altnews.in/hindi/fake-chart-shows-covid-19-variant-timeline-predicting-release-dates/
‘स्पेशल इंटेंसिव रिविज़न’ डेटा को एक्सेस करने के लिए भारत के चुनाव आयोग की बाधाओं को तोड़ने के कुछ दिनों बाद हमने उसी अभ्यास को चार और निर्वाचन क्षेत्रों में बढ़ाया. ज्ञात हो कि ऑल्ट न्यूज़ ने खुलासा किया था कि भवानीपुर और बालीगंज में एक मुस्लिम मतदाता को हिंदू मतदाता की तुलना में ‘विचाराधीन’ के रूप में मार्क किए जाने की संभावना 3.1 गुना ज़्यादा थी.,MISLEADING,hi,altnews,https://www.altnews.in/hindi/four-more-bengal-constituencies-same-pattern-muslims-disproportionately-marked-under-adjudication-in-sir/
"Tum Holi par IED lagaoge, To Hum #Eid par Holi manayenge. #Holi is Holy #EidMubarak uttamnagar !! pic.twitter.com/4EBHNUTczT — Wondering Woman (@indiclogic) March 23, 2026",MISLEADING,en,altnews,https://www.altnews.in/hindi/hindus-celebrating-holi-on-eid-in-uttam-nagar-old-video-from-karnataka-falsely-viral/
"सत्ता को आईना दिखाने वाली पत्रकारिता का कॉरपोरेट और राजनीति, दोनों के नियंत्रण से मुक्त होना बुनियादी ज़रूरत है. और ये तभी संभव है जब जनता ऐसी पत्रकारिता का हर मोड़ पर साथ दे. फ़ेक न्यूज़ और ग़लत जानकारियों के खिलाफ़ इस लड़ाई में हमारी मदद करें. नीचे दिए गए बटन पर क्लिक कर ऑल्ट न्यूज़ को डोनेट करें.",MISLEADING,hi,altnews,https://www.altnews.in/hindi/israelis-smashing-street-cams-to-hide-missile-strike-footage-old-unrelated-video-falsely-viral/
"दीप प्रज्वलन से बढ़ती है घर में ऑक्सीजन की मात्रा, जानिए और क्या हैं फायदे",MISLEADING,hi,altnews,https://www.altnews.in/hindi/jagran-publishes-article-claiming-lighting-diyas-increases-oxygen-then-deletes-it/
"सत्ता को आईना दिखाने वाली पत्रकारिता का कॉरपोरेट और राजनीति, दोनों के नियंत्रण से मुक्त होना बुनियादी ज़रूरत है. और ये तभी संभव है जब जनता ऐसी पत्रकारिता का हर मोड़ पर साथ दे. फ़ेक न्यूज़ और ग़लत जानकारियों के खिलाफ़ इस लड़ाई में हमारी मदद करें. नीचे दिए गए बटन पर क्लिक कर ऑल्ट न्यूज़ को डोनेट करें.",MISLEADING,hi,altnews,https://www.altnews.in/hindi/ladder-walking-its-a-phenomenon-called-passive-dynamic-walking-nothing-paranormal-about-it/
"सत्ता को आईना दिखाने वाली पत्रकारिता का कॉरपोरेट और राजनीति, दोनों के नियंत्रण से मुक्त होना बुनियादी ज़रूरत है. और ये तभी संभव है जब जनता ऐसी पत्रकारिता का हर मोड़ पर साथ दे. फ़ेक न्यूज़ और ग़लत जानकारियों के खिलाफ़ इस लड़ाई में हमारी मदद करें. नीचे दिए गए बटन पर क्लिक कर ऑल्ट न्यूज़ को डोनेट करें.",MISLEADING,hi,altnews,https://www.altnews.in/hindi/misleading-video-claiming-dry-ginger-can-cure-omicron-is-scientifically-baseless/
"सत्ता को आईना दिखाने वाली पत्रकारिता का कॉरपोरेट और राजनीति, दोनों के नियंत्रण से मुक्त होना बुनियादी ज़रूरत है. और ये तभी संभव है जब जनता ऐसी पत्रकारिता का हर मोड़ पर साथ दे. फ़ेक न्यूज़ और ग़लत जानकारियों के खिलाफ़ इस लड़ाई में हमारी मदद करें. नीचे दिए गए बटन पर क्लिक कर ऑल्ट न्यूज़ को डोनेट करें.",MISLEADING,hi,altnews,https://www.altnews.in/hindi/modi-lookalikes-video-falsely-shared-as-pm-called-out-in-rourkela-over-lpg-crisis/
"Mohammad Firoz was harassing girls outside the school, Police gave him B£LT Treatment pic.twitter.com/yrW8YrSjuO — Hindutva Don (@HindutvaDon_) April 3, 2026",MISLEADING,en,altnews,https://www.altnews.in/hindi/old-video-of-accused-being-publicly-beaten-by-gujarat-police-shared-with-false-communal-claim/
"सत्ता को आईना दिखाने वाली पत्रकारिता का कॉरपोरेट और राजनीति, दोनों के नियंत्रण से मुक्त होना बुनियादी ज़रूरत है. और ये तभी संभव है जब जनता ऐसी पत्रकारिता का हर मोड़ पर साथ दे. फ़ेक न्यूज़ और ग़लत जानकारियों के खिलाफ़ इस लड़ाई में हमारी मदद करें. नीचे दिए गए बटन पर क्लिक कर ऑल्ट न्यूज़ को डोनेट करें.",MISLEADING,hi,altnews,https://www.altnews.in/hindi/prakash-raj-fake-tweet-about-pm-narendra-modi-mother-goes-viral/
"ऑल्ट न्यूज को सब्सक्राइब करने के लिए अपना ईमेल एड्रेस दर्ज करें और ईमेल द्वारा नई पोस्ट की सूचनाएं प्राप्त करें। सब्सक्राइब करने के बाद कृपया अपना ईमेल चेक करें, आपको एक कन्फर्मेशन ईमेल प्राप्त होगा। इस सब्सक्रिप्शन की पुष्टि के लिए आपको 'कन्फर्म फॉलो' बटन पर क्लिक करना होगा। यहाँ सब्सक्राइब करने के बाद अपने ईमेल इनबॉक्स में 'कन्फर्म फॉलो' बटन पर क्लिक करना मत भूले।",MISLEADING,hi,altnews,https://www.altnews.in/hindi/subscribe-alt-news-via-email/
Alt News continuously monitors social media and mainstream media for incorrect and/or dubious information. Our sources for topics include:,FALSE,en,altnews,https://www.altnews.in/methodology-for-fact-checking/
Independent journalism that speaks truth to power and is free of corporate and political control is possible only when people start contributing towards the same. Please consider donating towards this endeavour to fight fake news and misinformation.,MISLEADING,en,altnews,https://www.altnews.in/modi-lookalikes-video-falsely-shared-as-pm-called-out-in-rourkela-over-lpg-crisis/
Independent journalism that speaks truth to power and is free of corporate and political control is possible only when people start contributing towards the same. Please consider donating towards this endeavour to fight fake news and misinformation.,MISLEADING,en,altnews,https://www.altnews.in/new-zealand-govt-ordered-shut-down-of-all-mosques-false-claim-viral-on-social-media/
Independent journalism that speaks truth to power and is free of corporate and political control is possible only when people start contributing towards the same. Please consider donating towards this endeavour to fight fake news and misinformation.,MISLEADING,en,altnews,https://www.altnews.in/no-sambit-patra-has-not-been-removed-from-the-post-of-bjp-spokesperson/
"पाकिस्तान के कलाकारों का बहिष्कार हुआ तो मे देश छोडुंगा -शाहरुख खान — Sumaira Khan (@Sumairakhan_) February 22, 2019",MISLEADING,hi,altnews,https://www.altnews.in/no-shah-rukh-khan-did-not-say-he-will-leave-india-if-pakistani-artists-are-banned/
Independent journalism that speaks truth to power and is free of corporate and political control is possible only when people start contributing towards the same. Please consider donating towards this endeavour to fight fake news and misinformation.,MISLEADING,en,altnews,https://www.altnews.in/pakistan-flagged-oil-tanker-destroyed-in-hormuz-unrelated-video-falsely-shared/
"S. Swaraj launched ‘Passport Sewa’ app on 27 June showing date 5 june by changing rules to save Sadia Anas Siddiqui & to hide her mistake. Fake Data produced showing it’s downloaded 10 Lakh times but actually it was crashed. — Prashant Patel Umrao (@ippatel) July 3, 2018",MISLEADING,en,altnews,https://www.altnews.in/prashant-patel-jagrati-shukla-fake-news-tanvi-seth-passport/
"There was No Rape in #Kathua case, says both Medical reports. she was murdered somewhere else & her body was thrown in Rasana Village. Whole conspiracy to defame Hindus is exposed. pic.twitter.com/3bMG6yDUX9 — Prashant Umrao (@ippatel) April 20, 2018",MISLEADING,en,altnews,https://www.altnews.in/prashant-patel-umrao-fake-news-compilation/
Investigating OpenSecrets.org and Business Insider,MISLEADING,en,altnews,https://www.altnews.in/sonia-gandhi-richer-than-queen-elizabeth-ii-6-year-old-misreport-shared-by-bjp-members/
Sourcing of information depends on the kind of stories Alt News tackles as part of its fact checking exercise.,MISLEADING,en,altnews,https://www.altnews.in/sourcing-of-information/
"Alt News operates under the aegis of Pravda Media Foundation, a not-for-profit company registered under Section 8 of the Company Act, 2013, with CIN U93030GJ2017NPL099435. All the expenses including salaries of the employees are paid either from the corpus which is a combination of the donations collected via the Alt News website and the financial support received by Pravda Media Foundation in form of grants.",MISLEADING,hinglish,altnews,https://www.altnews.in/transparency-of-funding/
"ALSO READ: Uttam Nagar on edge after Tarun Kumar’s death: Claims, counterclaims fuel rising communal tensions",MISLEADING,en,altnews,https://www.altnews.in/viral-uttam-nagar-video-man-hurling-abuses-and-calling-for-violence-against-muslims-is-a-bjp-functionary/
Independent journalism that speaks truth to power and is free of corporate and political control is possible only when people start contributing towards the same. Please consider donating towards this endeavour to fight fake news and misinformation.,MISLEADING,en,altnews,https://www.altnews.in/x-calls-centres-order-to-block-12-accounts-disproportionate-questions-applicability-of-69a/
Anti-climactic ending to an exaggerated plotline,MISLEADING,en,altnews,https://www.altnews.in/an-anticlimactic-end-to-right-wing-outrage-about-the-bengali-play-hindu-chor/
"#Qatar government will construct Two main roads from #Mogadishu to #Afgoye & From #Mogadishu to #Jowhar This is the plan for that roads. pic.twitter.com/XXLq62eWUB — Mogadishu Update (@Mogadishuupdate) December 2, 2017",MISLEADING,en,altnews,https://www.altnews.in/bjp-rajasthan-tweets-image-of-poland-motorway-as-newly-constructed-national-highway-in-rajasthan/
image on the left was that of the Lucknow-Agra expressway (2015),MISLEADING,en,altnews,https://www.altnews.in/bjp-uses-misleading-images-to-showcase-western-peripheral-expressway/
"बुआ के गोद में बैठने से चचाजान नाराज हुए, आजम खान बोले मोदी को सीधे वोट दो pic.twitter.com/GpJeSydJwi — प्रवीण कुमार दीक्षित (@IPraveenDixit) January 13, 2019",MISLEADING,hi,altnews,https://www.altnews.in/did-sp-leader-azam-khan-ask-muslims-to-vote-for-bjp-after-sp-bsp-coalition/
The table below shows the expenditure by the top 20 pages between March 2 to 16,MISLEADING,hinglish,altnews,https://www.altnews.in/facebook-pages-spent-rs-2-5-crore-on-political-ads-in-2-weeks-bjp-leads-by-huge-margin/
"प्रधानमंत्री बनने की सोच रखने वाला कंजरी अली का बस चले तो दिल्ली को भी बेच दी pic.twitter.com/wAxIJkm6Ei — RaviNEGI4BJP (@ravinegi4bjp) June 23, 2018",MISLEADING,hi,altnews,https://www.altnews.in/fake-quote-ascribed-to-delhi-cm-kejriwal-claims-he-said-india-should-give-up-kashmir/
2. Randeep Surjewala: “Islam permits rape”,MISLEADING,en,altnews,https://www.altnews.in/fake-quotes-congress-leaders-mandsaur-rape/
Misinformed social media claims lead to backlash against defending lawyer,MISLEADING,en,altnews,https://www.altnews.in/false-claim-muslim-lawyer-community-filed-petition-in-sc-against-hindu-ritual-mata-ki-chowki/
Circulated by many users followed by senior BJP leaders,MISLEADING,en,altnews,https://www.altnews.in/no-the-woman-in-uniform-standing-next-to-nirmala-sitharaman-is-not-her-daughter/
"Indian Police Beating Muslim in Mosque while offering Prayer (Masjid). #India pic.twitter.com/rioj1EZGyA — جاوید شیخ (@javaidShaikh) March 24, 2019",MISLEADING,en,altnews,https://www.altnews.in/old-lathicharge-video-on-hindu-jagran-manch-cadre-shared-as-police-beating-muslims/
"महारानी की राजस्थान पुलिस और अधिकारियों का घिनौना चेहरा इस वीडियो में साफ दिख रहा है , अपना हक मांगने आए लोगों पर लाठियाँ और अत्याचार किए जा रहे है। @narendramodi जी अब राजस्थान के युवा आपको एक चैलेंज देते हे ,वीडियो देखिए और सरकार और पुलिस और SDM पर कार्यवाही कीजिए !है हिम्मत ? pic.twitter.com/BIJcEltF1q — Pawan Godara (@PawanGodaraRJ) June 17, 2018",MISLEADING,hi,altnews,https://www.altnews.in/rajasthan-congress-committee-gen-sec-shares-police-lathi-charge-video-from-aligarh-as-rajasthan/
"कश्मीर की बर्फ़बारी में फँसे कांग्रेस नेता ने सेना से माँगी मदद, सेना ने माँगा फँसे होने का सबूत https://t.co/lD4htdVRQE — Faking News (@fakingnews) March 18, 2019",MISLEADING,hi,altnews,https://www.altnews.in/social-media-users-fall-for-satire-on-congress-minister-stuck-in-snow/
"Raveena Tandon enlightens and slams bigoted moron Raj Nayak, who made false claim that even after centuries long #Mughal invasion, India did not become Islamic country & #Hindus have been safe ! @rajcheerfull @TandonRaveena pic.twitter.com/6fyf75Ki0M — Prashant Swami (@Prashant_Swami) April 11, 2019",MISLEADING,en,altnews,https://www.altnews.in/viral-fake-quote-ascribed-to-raveena-tandon-circulates-on-social-media/
Also circulated with an altered narrative,MISLEADING,en,altnews,https://www.altnews.in/was-nehru-thrashed-by-a-mob-in-1962-after-failure-on-china-war/
"Alt News is committed to fact-checking in a fair, transparent and non-partisan manner. We strive for high editorial standards and adhere by the following guidelines:",FALSE,en,altnews,https://www.altnews.in/editorial-policy/
"Our team, who has worked voluntarily for the most part since its inception, consists of engineers, social activists, journalists and scientists. Hence, we have the capacity to cover various news from politics, legal issues, caste-based and religious discrimination, gender rights, labour & farmer struggles, as well as health and medicine-related misinformation.",MISLEADING,en,altnews,https://www.altnews.in/editorial-team/
"Enter your email address to subscribe to Alt News and receive notifications of new posts via email. Please check your email after subscribing here, you would have received a confirmation email. You have to click on the 'Confirm Follow' button to enable the subscriptions. Do not forget to click on the 'Confirm Follow' button in your Inbox after subscribing here.",MISLEADING,en,altnews,https://www.altnews.in/subscribe-alt-news-via-email/
Politics,MISLEADING,en,altnews,https://www.altnews.in/topics/politics/
"*चाइना में अल्लाह के फजलों करम से एक भी मुस्लिम कोरोना वाइरस की चपेट में नहीं आया है इसका राज पांच वक्त की नमाज़ हैं अब नॉन मुस्लिम भी नमाज़ पढ़ने पहुंचे जबकि उनको ये भी मालूम नहीं है कि नमाज़ किस दिशा में चेहरा करके पढ़ी जाती है जिसको जहां जगह मिली वहां नमाज़ पढ़ने खड़ा हो गया।* pic.twitter.com/tDobKKgx6l — NIKHAT KHAN (@Nikhat69) February 10, 2020",MISLEADING,hi,altnews,https://www.altnews.in/a-video-is-viral-with-false-claim-that-non-muslims-are-offering-namaz-for-protection-against-coronavirus/
Independent journalism that speaks truth to power and is free of corporate and political control is possible only when people start contributing towards the same. Please consider donating towards this endeavour to fight fake news and misinformation.,MISLEADING,en,altnews,https://www.altnews.in/media-misreport-saharanpur-jama-masjid-ban-on-namaz-in-streets-provked-video-viral/
"આજ રોજ ડાંગ જીલ્લા ના વઘઇ તાલુકામાં આમ આદમી પાર્ટી લીગલ સેલ પ્રમુખ ડાંગ, ના નેતૃત્વ માં કાર્ય કરો સાથે પોસ્ટર અભિયાન કરવામાં આવ્યું.. #હવે_બદલાશે_ગુજરાત pic.twitter.com/mvydW7KPRL — AAP DANG DISTRICT | #Mission2022 (@AAP_Dang) July 10, 2021",MISLEADING,en,altnews,https://www.altnews.in/morphed-billboard-shows-aap-promoting-namaz-discouraging-hindu-prayers-in-gujarat/
"खुल कर करेंगे तेरे जुल्म की मुखालफत, तुम इस वक़्त के शहंशाह हो, मेरे मुल्क के खुदा नहीं। #BoycottBJP pic.twitter.com/JoTasY9CrI — Chaudhary Rohit Singh Yadav (@BeingRohitYadav) January 27, 2021",MISLEADING,hi,altnews,https://www.altnews.in/old-picture-of-sikh-man-beatun-up-shared-as-police-brutality-on-protesting-farmer/
"Sharing deeply distressing, heart wrenching visuals from #FarmersProtestHijacked . Two old Women were killed & three badly Injured when a tractor ran over them. Not just the protesters, even those who are supporting them have blood on their hands!! pic.twitter.com/1LHPruIAqe — Priti Gandhi – प्रीति गांधी (@MrsGandhi) January 28, 2021",MISLEADING,hi,altnews,https://www.altnews.in/video-of-water-tanker-running-over-women-protestors-shared-with-false-claims/
Independent journalism that speaks truth to power and is free of corporate and political control is possible only when people start contributing towards the same. Please consider donating towards this endeavour to fight fake news and misinformation.,MISLEADING,en,altnews,https://www.altnews.in/clash-in-murshidabad-old-video-from-varanasi-given-communal-spin-falsely-linked-to-bengal-polls/
Independent journalism that speaks truth to power and is free of corporate and political control is possible only when people start contributing towards the same. Please consider donating towards this endeavour to fight fake news and misinformation.,MISLEADING,en,altnews,https://www.altnews.in/shashi-tharoor-slammed-modi-govt-praised-pak-diplomacy-the-video-is-ai-generated/
"Provided that it shall not include, nor shall ever have been so included, persons with different sexual orientations and self-perceived sexual identities",MISLEADING,en,altnews,https://www.altnews.in/from-self-identification-to-state-control-trans-voices-raise-alarm-over-new-law/
Days after Alt News broke through the Election Commission of India ’s barriers to access Special Intensive Revision data — revealing that in Bhabanipur and Ballygunge a Muslim voter was 3.1 times more likely to be marked “Under Adjudication” than a Hindu voter — we extended the same exercise to four more constituencies.,MISLEADING,en,altnews,https://www.altnews.in/four-more-bengal-constituencies-same-pattern-muslims-disproportionately-marked-under-adjudication-in-sir/
Independent journalism that speaks truth to power and is free of corporate and political control is possible only when people start contributing towards the same. Please consider donating towards this endeavour to fight fake news and misinformation.,MISLEADING,en,altnews,https://www.altnews.in/errors-erasure-angst-inside-basirhats-boro-gobra-where-hundreds-find-themselves-struck-off-electoral-rolls/
आप हमसे इस ईमेल एड्रेस पर सम्पर्क कर सकते हैं – contact@altnews.in,MISLEADING,hi,altnews,https://www.altnews.in/hindi/contact/
हम FCRA अधिनियम के तहत पंजीकृत नहीं है और केवल भारतीय नागरिकों/निवासियों के द्वारा डोनेशन स्वीकार कर सकते हैं।,MISLEADING,hi,altnews,https://www.altnews.in/hindi/donate/
Home,MISLEADING,en,altnews,https://www.altnews.in/hindi/home/
"सत्ता को आईना दिखाने वाली पत्रकारिता का कॉरपोरेट और राजनीति, दोनों के नियंत्रण से मुक्त होना बुनियादी ज़रूरत है. और ये तभी संभव है जब जनता ऐसी पत्रकारिता का हर मोड़ पर साथ दे. फ़ेक न्यूज़ और ग़लत जानकारियों के खिलाफ़ इस लड़ाई में हमारी मदद करें. नीचे दिए गए बटन पर क्लिक कर ऑल्ट न्यूज़ को डोनेट करें.",MISLEADING,hi,altnews,https://www.altnews.in/hindi/old-video-of-political-clash-in-kerala-shared-with-communal-angle-as-ram-navami-procession/
तकनीकी,MISLEADING,hi,altnews,https://www.altnews.in/hindi/topics/%e0%a4%a4%e0%a4%95%e0%a4%a8%e0%a5%80%e0%a4%95%e0%a5%80/
शिक्षा,MISLEADING,hi,altnews,https://www.altnews.in/hindi/topics/education/
अर्थव्यवस्था,MISLEADING,hi,altnews,https://www.altnews.in/hindi/topics/finance/
समाचार,MISLEADING,hi,altnews,https://www.altnews.in/hindi/topics/news/
राजनीति,MISLEADING,hi,altnews,https://www.altnews.in/hindi/topics/politics/
धर्म,MISLEADING,hi,altnews,https://www.altnews.in/hindi/topics/religion/
समाज,MISLEADING,hi,altnews,https://www.altnews.in/hindi/topics/society/
खेल,MISLEADING,hi,altnews,https://www.altnews.in/hindi/topics/sports/
not have any effect on banking activities,MISLEADING,en,altnews,https://www.altnews.in/no-banks-will-not-remain-closed-in-the-first-week-of-september-as-claimed-by-viral-whatsapp-forward/
Compilation,MISLEADING,en,altnews,https://www.altnews.in/topics/compilation/
"Mexico MP Antonio Garcia undressed in parliament and said, ” you are ashamed to see me naked and you are not ashamed of your people whose money you have striped , plundered and stolen so that you can live in complete luxury with high wages and enjoy with your families” pic.twitter.com/agvvpLu9Rp — MuthuiMkenya (@MuthuiMkenya) October 12, 2020",MISLEADING,en,altnews,https://www.altnews.in/2013-image-of-mexican-mp-protesting-energy-bill-viral-with-misleading-claims/
The report mentions that they were charged under the SC/ST Act and tried in a POCSO court.,MISLEADING,en,altnews,https://www.altnews.in/2019-video-from-up-gangrape-shared-as-bihar-with-communal-angle/
"three out of the seven fact-checking partners of Facebook – India Today, Dainik Jagran and Newsmobile – have been found circulating misinformation",MISLEADING,en,altnews,https://www.altnews.in/3-out-of-facebooks-7-fact-checking-partners-have-shared-misinformation-post-pulwama/
"हिंदू बेटीयो की वेदना, अब्दुल-आफ़ताब से मिल रही प्यार की सज़ा… सत्य घटना पर आधारित कहानी #TheKeralaStory ज़रूर देखे और अपनी बेटी के साथ बैठकर देखे…!! प्यार की आड़ में हो रहा व्यापार है ये कोई लव नहीं मेरी जान, ये #लव_Gहाद है। pic.twitter.com/w4auDIvfp9 — Kajal HINDUsthani (@kajal_jaihind) April 25, 2023",MISLEADING,hi,altnews,https://www.altnews.in/32000-kerala-women-in-isis-misquotes-flawed-math-imaginary-figures-behind-filmmakers-claim/
"यूपी के बुलंदशहर में जिहादियों का नंगा नाच, 5 मंदिरों की मुर्तियां सहित शिवलिंग को तोड़ा। बड़ा सवाल, आखिर हिंदुस्थान में कब बंद होगा हिंदू मंदिरों पर तालिबानी आतंक! pic.twitter.com/jypqpBH5hG — हम लोग We The People (@ajaychauhan41) June 1, 2023",MISLEADING,hi,altnews,https://www.altnews.in/4-hindus-held-for-bulandshahr-temple-vandalism-videos-viral-with-misleading-communal-claims/
"बेंगलुरु के किसानों ने अपना खुद का सुपर मार्केट तैयार कर लिया है इन किसानों से हमें भी कुछ सीखना होगा #12_दिसंबर_को_टोल_प्लाजा_बंद #isupportfarmersprotest #FarmerProtests #Delhi #kisanektazindabad pic.twitter.com/RPHWxaWfKE — Journalist Sonu Pandat (@100nujournalist) December 12, 2020",MISLEADING,hi,altnews,https://www.altnews.in/a-set-of-images-shared-with-false-claim-that-newly-made-super-market-run-by-farmers-in-bangluru/
"State of Dalits in India. pic.twitter.com/glLc3fCpoV — Jas Oberoi | ਜੱਸ ਓਬਰੌਏ (@iJasOberoi) April 5, 2023",MISLEADING,en,altnews,https://www.altnews.in/a-video-from-rajasthan-forcing-boy-to-drink-water-from-a-shoe-shared-with-false-caste-angle/
"छत पर कुटाई वाली कार्रवाई और नीचे सङक पर बुलङोजर वाली कार्रवाई UP के कानपुर में कुछ जेहादी ने छत से हिन्दुओं और पुलिस पर पथराव किया। इसके बाद कुछ बहादुर पुलिस ने बिना सीढी ही छत पर जाकर पकड़ लिया और घूंसे लाठियां बरसा कर उनकी दिवाली हैप्पी कर दी ,और बिल्डिंग भी तोड़ दिया pic.twitter.com/pYII0ujyGG — ɨʀօռʍօռᏦ 002 (@IRONMONK002) October 26, 2022",MISLEADING,hi,altnews,https://www.altnews.in/a-video-of-cops-beating-up-two-men-in-kanpur-dehat-falsely-shared-with-communal-angle/
"यह देखो लव जिहादी हिंदू बच्चियों को केसे डरा धमका कर अपने जाल में फंसाते है अगर किसी भी बच्ची को कोई भी इस प्रकार से धमकाए तो डरने की जरूरत नही है तुरंत अपने घर वालो को जानकारी देकर पुलिस में रिपोर्ट दर्ज कराए*तो यह लोग अपने मकसद में कामयाब नही हो पाएंगे pic.twitter.com/9FTTZ9Xnio — योगी योगेश अग्रवाल (धर्मसेना) (@yogeshDharmSena) July 27, 2022",MISLEADING,hi,altnews,https://www.altnews.in/a-video-of-youth-threating-girlfrind-with-knife-in-indore-shared-with-false-communal-angle/
Trigger Warning: The following story contains graphic imagery.,MISLEADING,en,altnews,https://www.altnews.in/a-womans-body-discovered-in-a-trolley-bag-in-yamuna-expressway-is-a-case-of-honour-killing/
"In the conversation, the woman admits that she does not know Deblamya Bagchi. She says she filed the complaint against him because she found out that his reports caused all the police action. She also admits that no incident of ‘assault’ or ‘outraging her modesty’ had taken place and she had named Bagchi in the complaint because she was ‘angry with him’.",MISLEADING,hinglish,altnews,https://www.altnews.in/abp-reporters-arrest-in-bengal-veracity-of-complaint-police-excesses-under-scanner/
"15-year-old Manoj Negi from Uttarakhand stabbed to death in Delhi for standing up against Muslim goons trying to molest his sister. pic.twitter.com/MUZ1qoaynS — Neha Joshi (@The_NehaJoshi) October 29, 2022",MISLEADING,en,altnews,https://www.altnews.in/accused-in-17-yr-olds-murder-in-delhi-not-muslims-false-claim-viral-on-social-media/
READ: Nuns out on bail; ‘police excess’ & Bajrang Dal’s role in Chhattisgarh case under scanner,MISLEADING,en,altnews,https://www.altnews.in/after-arrest-of-nuns-in-durg-christians-in-sehore-raipur-balasore-allegedly-attacked-over-forced-conversions/
Read | Nagpur clashes: Cryptic cauliflower memes referring to mass killings in 1989 Bhagalpur riots resurface,MISLEADING,en,altnews,https://www.altnews.in/after-maoist-deaths-bjp-karnataka-shares-cauliflower-meme-a-reference-to-the-1989-bhagalpur-riots/
"Right Wing propaganda outlet OpIndia wrote an article titled, “’35 क्या 36 टुकड़े भी कर देता… बस चाकू बजाते जाओ’: श्रद्धा मर्डर पर बुलंदशहर के राशिद खान को सुनिए, आफताब के किए को ठहरा रहा ‘जायज’”. In the article, they elaborated on the statements made by Khan in the interview. ( Archive )",MISLEADING,hi,altnews,https://www.altnews.in/after-social-media-outrage-rashid-khan-justifying-shraddha-murder-turns-out-to-be-vikas-kumar/
Why does the name Shami Aslam appear on TrueCaller?,MISLEADING,en,altnews,https://www.altnews.in/agneepath-scheme-protest-did-shami-aslam-pose-as-hindu-in-chat-inciting-violence/
"Here is the screen recording for you. The first tweet isn’t made up, they posted it from the official Punjab Police India account, but later deleted it. https://t.co/XCUoefArPT pic.twitter.com/t2naTBIm79 — Gul Khan (@ilaqaghair) July 18, 2025",MISLEADING,hinglish,altnews,https://www.altnews.in/alt-news-finds-punjab-polices-x-account-shared-deleted-contentious-post-alluding-to-george-floyds-killing-police-deny/
"कहां से भरा जा रहा है इतना जहर? बुर्काधारी महिला को प्रभु श्रीराम से इतनी नफरत क्यों? सड़क पर स्कूटी खड़ी की और फिर प्रभु श्रीराम की तस्वीर पर अंडे फेंके महाराष्ट्र के छत्रपति संभाजीनगर की है घटना pic.twitter.com/gVngRA64LZ — Sudarshan News (@SudarshanNewsTV) May 20, 2023",MISLEADING,hi,altnews,https://www.altnews.in/aurangabad-mentally-disturbed-hindu-woman-defaces-image-of-lord-ram-video-viral-with-false-communal-claim/
"ये बहुत ही भयावह घटना है , शेयर करना जरूरी समझा। सभी बहन बेटियों से निवेदन है कि सतर्क रहें। आसपास हो रही गतिविधियों पर नज़र रखें। pic.twitter.com/N7fyUw7iu0 — अर्चना सिंह (आर्ची) (@archiepie11) November 28, 2021",MISLEADING,hi,altnews,https://www.altnews.in/awareness-video-of-kidnapping-a-women-falsely-shared-as-real-incident/
"बांग्लादेश में हिन्दू बच्चे की बेरहमी से हत्या !! मोहम्मद सोहेल और उसके दोस्तों ने मिलकर स्कूल के एक हिंदू लड़के निरोब मंडल को जान से मार दिया। pic.twitter.com/y2DVOIxKwT — Panchjanya (@epanchjanya) February 7, 2023",MISLEADING,hi,altnews,https://www.altnews.in/bangladesh-school-boy-murder-false-communal-claim-by-right-wing-handles/
"What is this ?? pic.twitter.com/vwCp2ZJa3M — Megh Updates ™ (@MeghUpdates) February 12, 2025",MISLEADING,en,altnews,https://www.altnews.in/beerbiceps-ranveer-allahbadia-crying-after-backlash-over-controversial-remarks-no-video-is-from-2021/
"Bengaluru: Muslims planning complete boycott of Hindus. “We must swear by prophet Muhammad and his children that we Momins will not get petrol at Hindu pumps, buy medicine from Hindu shops, or ride in their vehicles. If you boycott Hindus, then Allah will allow us into jannat.” pic.twitter.com/kVHm2kIayE — Rakesh Krishnan Simha (@ByRakeshSimha) June 29, 2023",MISLEADING,en,altnews,https://www.altnews.in/bengaluru-muslims-calling-for-boycott-of-hindus-2019-video-from-rajasthan-viral-with-misleading-claims/
Muslim girls who wear jeans end up in a room with Hindu boys,MISLEADING,en,altnews,https://www.altnews.in/bhagwa-love-trap-an-elaborate-conspiracy-theory-in-response-to-the-love-jihad-narrative/
[Warning: Visuals may be distressing for some. Reader discretion is advised.],MISLEADING,en,altnews,https://www.altnews.in/body-found-in-gurugram-womans-murder-by-husband-falsely-given-communal-twist/
"In Rajim, located in Gariband district of Chhattisgarh",MISLEADING,en,altnews,https://www.altnews.in/body-in-fridge-tableau-in-munger-shivratri-rally-islamophobia-hate-trounced-devotion-piety/
The story uses only screenshots and not the actual video in view of the graphic nature of the footage.,MISLEADING,hinglish,altnews,https://www.altnews.in/brutal-attack-over-land-dispute-in-bangladesh-video-gone-viral-with-false-communal-angle/
"बुलंदशहर में ज्वेलरी शॉप लूट के आरोपी अब्दुल को खुर्जा पुलिस ने किया ‘ढेर’ यूपी में योगी जी का साफ़ संदेश है, कि ‘अपराधी’ या अपराध छोड़ दे ,, या ‘उत्तर प्रदेश’ छोड़ दे। बाबा जी Rocks @myogiadityanath @dgpup pic.twitter.com/EkCM1KeQqy — Sagar Kumar “Sudarshan News” (@KumaarSaagar) January 3, 2023",MISLEADING,hi,altnews,https://www.altnews.in/bulandshahr-encounter-rw-handles-made-misleading-claim-to-add-communal-twist/
The story uses only screenshots in view of the graphic nature of the video being fact-checked.,MISLEADING,hinglish,altnews,https://www.altnews.in/bull-getting-tortured-distressing-video-from-punjab-falsely-viral-as-iskcon-bangladesh/
"दिल्ली जंतर मंतर पर मुसलमान और ईसाइयों को गोली मारने का एलान क्यों ? @neeraj_jhaa के साथ देखिए क्या देश में अब संविधान का कोई अर्थ नहीं : https://t.co/S3E6dJQVu2 ( पूरा वीडियो जरूर देखें ) स्पेस लिंक : https://t.co/eflOg6l0YK pic.twitter.com/DhwZUc6BH8 — Molitics (@moliticsindia) February 5, 2023",MISLEADING,hi,altnews,https://www.altnews.in/call-for-violence-against-muslims-and-christains-on-jantar-mantar-rally-in-support-of-dhirendra-shastri-and-suresh-chavhanke/
"This video will tell you why reservation is necessary. Has this discrimination happened with any Brahmin Baniya Thakur person ? pic.twitter.com/9rXfbqR44o — The Dalit Voice (@ambedkariteIND) August 18, 2023",MISLEADING,en,altnews,https://www.altnews.in/caste-discrimination-claim-false-viral-clip-an-awareness-video-by-bengaluru-sanitation-workers-during-pandemic/
[CW: References to child abuse. The video has not been included in the fact-check due to its graphic nature.],MISLEADING,hinglish,altnews,https://www.altnews.in/child-abuse-video-from-mexico-falsely-linked-to-dps-rajbagh-valsad/
"वीडियो को देखकर आपकी आंखें खुली की खुली रह जाएंगी पैर के नीचे की जमीन खिसक जाएगी कलेजा एक बार दहल जाएगा वीडियो कहां की है यह तो नहीं पता है वीडियो कहीं की भी हो प्रशासन को हरकत में आना चाहिए pic.twitter.com/EzMkXxmKXv — Sunil Yadav (@SunilYa59918245) July 6, 2022",MISLEADING,hi,altnews,https://www.altnews.in/child-theft-rumours-a-sordid-saga-unfolds-as-police-look-for-effective-measures/
"A tanker truck driven by Mohammed Firoz rammed into a Ganesh festival procession on NH-373 near Mosalehosalli village, Karnataka India. 4 people died on the spot and over 20 others are badly injured. Do you think this was intentional or just an accident? pic.twitter.com/4YdBvc53Eq — Burnol (@BurnolDaily) September 13, 2025",MISLEADING,en,altnews,https://www.altnews.in/claims-that-muslim-driver-deliberately-rammed-truck-into-ganesh-procession-in-hassan-karnataka-are-false/
"करौली और जोधपुर के बाद अब ‘धौलपुर’ में शांतिप्रिय समुदाय की पत्थरबाज़ी.. अब कौन भड़काऊ नारेबाजी हो रही थी या कौनसा रामनवमी का DJ बज रहा था जो पत्थरबाज़ी हो रही है ? @TajinderBagga @beingarun28 @MODIfiedVikas @IamAjaySehrawat @AjiHaaan @AnujBajpai_ pic.twitter.com/7OZ3DrkQis — Vikas Faujdar (@VikasFaujdar) May 26, 2022",MISLEADING,hi,altnews,https://www.altnews.in/clash-between-police-and-locals-in-rajasthans-dholpur-given-false-communal-spin/
"So, it is clear that the cleric from Furfura Sharif in Hooghly district of Bengal was not talking about Muslims waging a war against Hindus, but batting for competition among the communities over education, and calling for progress of all.",MISLEADING,en,altnews,https://www.altnews.in/clipped-video-viral-bengal-cleric-taha-siddiqui-didnt-ask-muslims-to-wage-war-against-hindus/
"भीलवाड़ा के सुभाष नगर थाना क्षेत्र सांगानेर ग्राम में ईद के मौके पर पाकिस्तान जिंदाबाद के नारे लगाए …. कितने देशद्रोहियों पर मुकदमा दर्ज कर कार्यवाही की गई ….? @DmBhilwara @PoliceRajasthan @RajPoliceHelp @Bhilwara_Police @BJP4Rajasthan @baheriasc @ladulaltelibjp pic.twitter.com/bwPdVuz6Xs — Sagar Pande (@MspandePande) May 12, 2022",MISLEADING,hi,altnews,https://www.altnews.in/dainik-bhakar-falsely-reports-pro-pak-chant-raised-in-bhilwara-based-on-old-video/
"#BreakingNow : दिल्‍ली में ASI शंभू दयाल पर हमले का #CCTV फुटेज आया सामने, 4 जनवरी को अनीस नाम के बदमाश ने किया था चाकुओं से हमला @rrakesh_pandey #DelhiCrime #ASI #DelhiPolice pic.twitter.com/QasmDlZdVd — Times Now Navbharat (@TNNavbharat) January 10, 2023",MISLEADING,hi,altnews,https://www.altnews.in/delhi-asi-murder-accused-is-anish-raj-not-mohd-anish-as-claimed-by-media/
"सऊदी अरब में दीपावली असली वाले मुसलमान धूमधाम से पटाखे फोड़ रहे हैं और उन्हीं के बीज से उत्पन्न नाजायज औलादे भारत में दीपावली के पटाखे से बिलबिला रहे हैं। pic.twitter.com/wrqtWFSsPO — Vaishali Mishra (@1VaishaliMishra) October 20, 2025",MISLEADING,hi,altnews,https://www.altnews.in/diwali-celebrated-in-dubai-and-saudi-arabia-with-fireworks-no-viral-video-is-of-uae-national-day-celebrations/
Alt News analysis: Pages that didn’t feature in Facebook’s release,MISLEADING,en,altnews,https://www.altnews.in/facebook-purge-the-curious-case-of-pages-that-did-not-feature-in-fb-press-release/
"How easy is it to start a conspiracy theory? Posting again. Full vid here: https://t.co/RmPi3VU6rq pic.twitter.com/0s2Qm411mv — Heydon Prowse (@HeydonProwse) July 10, 2020",MISLEADING,en,altnews,https://www.altnews.in/fact-check-are-circuit-boards-with-cov-19-engraving-being-installed-on-5g-towers/
Clip 1: Woman in burkha allegedly kidnaps a child and escapes in an auto,MISLEADING,en,altnews,https://www.altnews.in/fact-check-burqa-clad-woman-on-dtc-bus-in-viral-clip-is-not-a-child-kidnapper/
"சர்ச் கட்ட தடங்கல் வராமல் இருக்க கணபதி பூஜை பண்றாங்க… அப்ப இயேசுவுக்கு சக்தி இல்லை போல. காப்பார்,இரட்சிப்பார்,கூடவே இருப்பார்னு சொன்னுதுலாம் பொய் போல… pic.twitter.com/uK8sdUgdLd — டகால்டி (@Da_galti_3) February 7, 2022",MISLEADING,en,altnews,https://www.altnews.in/fact-check-christians-praying-to-hindu-deity-for-peacefully-building-church/
"A brave sikh was travelling near shahjahanpur in UP. He saved an unknown girl from rape from four gangsters and killed two of them. He got three gunshots and serious in hospital. No media has given the news. pic.twitter.com/61qqbXgcAE — Kamaljit singh (@Kamalji57571961) October 16, 2020",MISLEADING,hinglish,altnews,https://www.altnews.in/fact-check-did-a-man-saved-a-girl-from-rape-and-killed-two-miscreants-in-up-shahjahanpur/
"This is from #BJP ruled state #MadhyaPradesh . CM #ShivrajSinghChouhan Look at this. A dalit girl is beaten mercilessly for bathing in the river. This is new India of Modi. pic.twitter.com/NqKRnKVWsf — Kavita Rani (@KavitaBRS) January 31, 2023",MISLEADING,hinglish,altnews,https://www.altnews.in/fact-check-did-hindu-extremists-beat-dalit-womam-and-film-it-false-claim-old-video/
The Claim was Viral in December 2024 as well,MISLEADING,hinglish,altnews,https://www.altnews.in/fact-check-false-communal-claim-of-father-uncle-grandfather-accused-of-raping-minor-are-muslim/
"Ram Mandir bell is almost ready; single cast piece, easily the largest, 6’X5’, weighing 2,100kg made of “Ashtadhatu”, a combination of eight metals — gold, silver, copper, zinc, lead, tin, iron and mercury. This bell can be heard up to 15Km. #JaiShriRam @LostTemple7 pic.twitter.com/8F3LSjbrIV — Ankita (@AnkitaBnsl) September 23, 2020",MISLEADING,en,altnews,https://www.altnews.in/fact-check-is-this-the-2100-kg-bell-to-be-installed-at-ram-temple-in-ayodhya/
"एक बहुत ही दर्दनाक घटना में एक लड़की को काली हैट वाला व्यक्ति जिससे #HatmanKillerInMumbai कहा जा रहा है, उसे एक औरत को बेरहमी से मारता हुआ देखा गया अंधेरी कि कोई इलाक़े में । यह खबर एक सीसीटीवी फूटेज के द्वारा सामने आयी । pic.twitter.com/R8Re8M13Je — Hussain Sultania (@HussainSultania) November 11, 2022",MISLEADING,hi,altnews,https://www.altnews.in/fact-check-is-viral-video-actual-footage-of-a-hatman-killing-woman-in-mumbai/
"मेरा अब्दुल ऐसा नहीं कुछ दिन पहले इसको ट्विटर पर बहुत से लोगों ने समझाया था तो बोली तुम नफरती हो,हिन्दू मुस्लिम करते हो, अब ये अपने अब्दुल के साथ सेकुलरिज्म इंज्वाय कर रही है @NSO365 identity not confirmed pic.twitter.com/AG9bpOuWTr — Jajabor (@jajabor_sanjeev) June 10, 2023",MISLEADING,hi,altnews,https://www.altnews.in/fact-check-viral-video-a-man-beating-up-a-women-in-up-etawah-shared-with-false-communal-angle/
"@sherryontopp we knw u sold ur soul bt plz don’t disrespect #Sherry n #GuruGovind . True Sikh will never bent infront of anyone. pic.twitter.com/AuHboIM9VS — Anti- Conversion (@anti_conversion) January 17, 2017",MISLEADING,en,altnews,https://www.altnews.in/fake-image-manmohan-singh-touching-sonia-gandh-feet/
"बच्चों की किडनी निकाल बेचते रंगे हाथ पकड़े गए 28 साधु @Uppolice उत्तर प्रदेश में चल क्या रहा है इसका जवाब कौन देगा कभी बाराबंकी तो कभी वाराणसी हर जगह से बच्चें चोरी किए जा रहे हैं, उनकी किडनी निकाल के बॉडी को जंगल में फेंक दिया जा रहा है https://t.co/61Dy93px1D pic.twitter.com/HTS8wIi2cQ — Ahmad (@MrKhan1A) September 7, 2022",MISLEADING,hi,altnews,https://www.altnews.in/false-claim-of-28-sadhus-were-caught-stealing-kedney-in-varanasi-up-goes-viral/
[Warning: This article contains visuals that may be disturbing to readers.],MISLEADING,en,altnews,https://www.altnews.in/false-claim-of-kajal-murdered-by-gaffar-in-assam-shared-with-old-pictures-shradha-case/
"दावा: प्रधानमंत्री रामबाण सुरक्षा योजना के अंतर्गत #कोरोनावायरस के निःशुल्क ईलाज के लिए सभी युवाओं को ₹4000 की मदद राशि मिलेगी। #PIBFactCheck यह दावा #फर्जी है। केंद्र सरकार द्वारा ऐसी कोई योजना नहीं चलाई जा रही है। ऐसी फर्जी वेबसाइट पर अपनी निजी जानकारी साझा न करें। pic.twitter.com/m12henTAHj — PIB Fact Check (@PIBFactCheck) August 18, 2021",MISLEADING,hi,altnews,https://www.altnews.in/false-claim-of-pradhan-mantri-ramban-suraksha-yojana-4-thousand-rupee-whatsapp-message/
"शिरडी साईं ट्रस्ट ने हज के लिए 35 करोड़ डोनेशन दी है। जो हिंदू शिरडी जाते हैं उन्हें विशेष रूप से ये देखना चाहिए। pic.twitter.com/ANXRMnuPXk — Mahender singh Mahawar (@Mahende83499386) June 18, 2023",MISLEADING,hi,altnews,https://www.altnews.in/false-claim-viral-on-internet-says-that-shirdi-sai-trust-donated-35-crore-for-haj/
"शिवलिंग पर बियर डालकर हिन्दुओ की भावनाओ को भड़काया जा रहा है, यह दो जिहादी जनता के हाथ चढ़ गए तो संबिधान का रोना रोयेंगे लोग चंडीगढ़ का वीडियो बताया जा रहा यह pic.twitter.com/DNTAxq8zBN — VISHNU KUMAR MISHRA (@VISHNUK35030487) June 25, 2022",MISLEADING,hi,altnews,https://www.altnews.in/false-communal-angle-viral-with-a-video-that-muslim-boys-offering-beer-shivling/
"This is a legit movie from the 1960s. #Omicron . pic.twitter.com/JNNaxAlA0G — Carmine Sabia (@CarmineSabia) December 1, 2021",MISLEADING,en,altnews,https://www.altnews.in/fictional-movie-poster-the-omicron-variant-believed-to-be-true/
"लाशों को ठिकाने लगाने ओर मीडिया में पेश करने का ड्रामा शुरू करने से पहले एक लाश सिगरेट पीते हुए pic.twitter.com/kLkSFpjqDg — Muhammed Falahi (@FalahiMuhammed) April 6, 2021",MISLEADING,hi,altnews,https://www.altnews.in/filming-of-russian-music-video-viral-with-hoax-claim-that-covid-is-a-conspiracy/
"This article uses as its source Kajal Shingala aka Hindusthani’s Facebook/Twitter activities, videos posted on her YouTube channel and other platforms and our telephonic conversation with her.",MISLEADING,en,altnews,https://www.altnews.in/from-kajal-shingala-to-hindusthani-the-rise-of-the-female-face-of-hindutva-hate-politics/
"नाम- आशा, निवासी- गाजियाबाद उत्तर प्रदेश, अंजाम- प्रेमी नदीम ने लोहे की रॉड नीचे से डालकर मुँह से निकाल दी, गाजियाबाद की बेहद तेज तर्रार आशा रोज़ जूस पीने जाती थी, जूस पीते पीते कब नदीम से मोहोब्बत हुई पता न चला, नदीम ने धर्म परिवर्तन को बोला तो आशा ने मना किया। अंजाम सामने है,… pic.twitter.com/YN47iReMoM — Sanju Tiwari (@SanjuTiwarri) June 1, 2023",MISLEADING,hi,altnews,https://www.altnews.in/ghaziabad-2022-incident-of-womans-murder-by-suspecting-lover-shared-with-false-love-jihad-claims/
"Shama Biryani sells Biryani made from gutter water in Pinjore, Haryana. But the moment you call for their economic boycott, they start playing the 1400-year-old victim card. pic.twitter.com/QEPGtPW26z — BALA (@erbmjha) August 17, 2023",MISLEADING,en,altnews,https://www.altnews.in/gutter-water-to-cook-biriyani-no-video-of-haryana-eatery-viral-with-false-claims/
"A police statement later revealed that the Ram Navami group changed its route and took a different path, which led to the clash.",MISLEADING,en,altnews,https://www.altnews.in/hate-speech-at-hyderabad-ram-navami-rally-t-raja-singh-ups-the-ante-against-muslims-calls-for-hindu-rashtra/
READ: All charades dropped: Assam BJP’s AI video shows Himanta ‘shooting point-blank’ at Muslims,MISLEADING,en,altnews,https://www.altnews.in/himanta-defends-shooting-video-point-blank-says-it-will-be-re-uploaded-with-bangladeshi-tag/
"dirty politics by congress, they are making people to promise to  not vote BJP, shameless creatures. pic.twitter.com/M7b8VC5mgC — Ultimate dangerous (@KING_OF_TROLL_) October 3, 2018",MISLEADING,en,altnews,https://www.altnews.in/hindi/did-congress-make-citizens-take-oath-against-voting-for-bjp-mischievously-clipped-video-viral/
Is the dubbed song the title track of the Hindi serial ‘Ramayana’?,MISLEADING,hinglish,altnews,https://www.altnews.in/hindu-devotional-song-added-to-britains-got-talent-performance-from-2014/
"on 12/13/2023, the mother of the two girls (a resident of the #Nasr_City_Third_Police Department in Cairo) submitted a report to the department stating that her ex-husband (an accountant in one of the countries) accompanied by others had taken one of their two children against her wish… and requested proof of this without mentioning any other details, claiming that there were family disputes between them, as they were staying with their father after their separation until 2022, and she obtained a ruling regarding her custody of their two daughters and its implementation after that, and she did",MISLEADING,hinglish,altnews,https://www.altnews.in/hindu-girls-abducted-by-jihadis-in-bengaluru-no-video-from-egypt-falsely-viral/
"दलित लड़की ने बनारस के बाबतपुर में 6 मुसलमानोंके सर काटकर काली मां को चढ़ा दिए pic.twitter.com/7YovFLudNb — योगीआदित्यनाथफैन(डिजिटल योद्धा)गोडसे का भक्त (@maheshyagyasain) June 18, 2023",MISLEADING,hi,altnews,https://www.altnews.in/hindu-woman-beheaded-6-muslims-in-varanasi-after-rape-threat-fake-report-viral-no-such-incident-confirm-police/
"Incredible photoshop work… love it. Killer propaganda piece. — Ram Subramanian (@VORdotcom) July 25, 2018",MISLEADING,en,altnews,https://www.altnews.in/hitker-modi-photoshopped-image-child/
"This is a dead body of Mr. Pappu Shukla ji, a homeless man from Gujarat State (India) who took care of abandoned dogs for many years. He died yesterday and his beloved dogs surrounded and protected his body, refusing to leave his side.. May Pappu Shukla ji Rest In Peace pic.twitter.com/uUOghaURy9 — ICEMAN (@iceman93fk) October 26, 2020",MISLEADING,en,altnews,https://www.altnews.in/image-from-yemen-viral-as-dead-body-of-pappu-shukla-from-gujarat-surrounded-by-dogs/
"If this much damage has been done by a few motorized paragliders and moped militias, I can’t imagine what will happen if this unfolds into a full blown Arab conflict. Praying for peace. pic.twitter.com/eqrrycOqZE — Jackson Hinkle (@jacksonhinklle) October 8, 2023",MISLEADING,en,altnews,https://www.altnews.in/imany-unrelated-and-old-videos-shared-as-israel-palestine-war/
"गाजियाबाद के क्रॉसिंग रिपबल्कि सोसाइटी में यूरिन जिहाद का मामला सामने आया है..शिकायतकर्ता ने आरोप लगाया है कि नौकरानी आटे में पेशाब मिलाकर रोटियां बनाती थी जिससे पूरे परिवार का लीवर फेल हो गया। #Ghaziabad #Urine #Food #Maid #Crime #UPPolice pic.twitter.com/405hdhjYTS — India TV (@indiatvnews) October 16, 2024",MISLEADING,hi,altnews,https://www.altnews.in/india-tv-and-others-falsely-dub-ghaziabad-incident-as-urine-jihad-both-accused-and-complainants-are-hindu/
"ये चेतावनी Indian Oil ने जारी की है सभी मित्र संज्ञान में लें pic.twitter.com/kNmnbRuUSx — Yogi Vishalanand योगी विशालानन्द (@yogivishalnand6) April 19, 2023",MISLEADING,hi,altnews,https://www.altnews.in/its-safe-to-fill-your-fuel-tank-to-the-max-in-summer-viral-indian-oil-notice-is-fake/
"जिहादियों का मंदिर पे हमला दिल्ली जहांगीर पूरी में आपसी विवाद में मुसलमानों ने दुर्गा मंदिर को निशाना बनाया… पत्थरबाज़ी करके मंदिर में की तोड़फोड़ सोते रहो हिन्दुओं pic.twitter.com/0YHo9BGfV1 — Deepak Sharma (@SonOfBharat7) November 4, 2024",MISLEADING,hi,altnews,https://www.altnews.in/jahangirpuri-temple-stone-pelting-a-fight-among-juveniles-from-same-religion-no-communal-angle-police/
"#BREAKING – Shooters of Atiq and Ashraf caught on camera. WATCH. @RoyPranesh with more on the incident. #AtiqAhmed #AshrafAhmed #Prayagraj pic.twitter.com/jFwGnIOj55 — TIMES NOW (@TimesNow) April 15, 2023",MISLEADING,en,altnews,https://www.altnews.in/jai-sri-ram-slogan-was-raised-by-atiq-ahmeds-murderers-contrary-claims-are-false/
it is a matter of concern for all conscious and peace-loving people that Javed Akhtar has been invited,MISLEADING,en,altnews,https://www.altnews.in/javed-akhtar-banu-mushtaq-and-the-contagion-of-religious-sentiments-getting-hurt/
"The above photos are NEET ENTRANCE QUESTION PAPER LEAK BENEFICIARYS, JUST LOOK N GUESS WHO N WHICH RELIGION THER ARE? All Muslims only. pic.twitter.com/9hhGSQUYnV — Bharathiya Citizen (@LawAcademics) July 3, 2024",MISLEADING,en,altnews,https://www.altnews.in/kerala-institutes-neet-success-ad-falsely-viral-as-photos-of-muslim-beneficiaries-of-paper-leak/
"حسبنا الله ونعم الوكيل.. في ولاية كيرالا الهندية هندوسي متطرف يضرب بوحشية طفلة هندية مسلمة (٩ أعوام) لمجرد أنها في طريقها لمدرستها الإسلامية !! #الهند #نصرة_مسلمي_الهند #تداعي_الأمم #مقاطعة_المنتجات_الهندية #IndianMuslimsUnderAttack pic.twitter.com/hirzEUD7W9 — اسلام الغمري (@islamalghamry66) November 18, 2022",MISLEADING,en,altnews,https://www.altnews.in/kerala-man-assaulting-child-in-viral-clip-is-a-muslim-contrary-claims-on-social-media-are-false/
"उसका नाम रफीक है काम- हिंदू विवाहों और समारोहों में हिंदू महिलाओं को साड़ियां पहनाते हैं – हिंदू ऐसे लोगों को आमंत्रित कर रहे हैं जो भाई और जान में अंतर नहीं करते यह एक पुराना वीडियो है लेकिन हमें याद दिलाते रहना होगा। pic.twitter.com/YE1OUf7eUP — हम लोग We The People (@ajaychauhan41) September 6, 2023",MISLEADING,hi,altnews,https://www.altnews.in/malaysian-professional-saree-drapers-video-viral-in-india-with-communal-spin/
"#Uttarakhand : In #Haldwani a madrasa chaap threw a gas cylinder in front of a moving train !! The #BalasoreTrainAccident is surely part of a big part onspiracy hatched by jewhadis This is all to defame govt 2024 is the target for the anti India gang and Opposition. Stay alert! pic.twitter.com/0XUzkHruka — Amitabh Chaudhary (@MithilaWaala) June 5, 2023",MISLEADING,hinglish,altnews,https://www.altnews.in/man-crossing-tracks-left-empty-cylinder-as-train-came-on-2022-video-viral-with-false-communal-conspiracy-claim/
"समुंदर में ब्रिज बना सकते है, भूगर्भ मेट्रो बना सकते है, किंतु जमीन पर खड़े बिना रोड बना नहीं सकते. Borivali East एक राज्य से भी बड़ा बजट होने के बावजूद मुंबई महानगरपालिका की लापरवाही देखिए। pic.twitter.com/3PKqvEaOyn — Pradeep Nathani (@pnathani) July 1, 2023",MISLEADING,hi,altnews,https://www.altnews.in/man-fell-into-open-drain-on-waterlogged-street-in-borivali-east-no-the-incident-in-viral-video-is-from-tamil-nadu-2022/
"Welcome to Digital India Justice Court is online… but judge forgot it’s LIVE! When tech meets tradition — and the camera off button loses the case! pic.twitter.com/1GbfOFQ6w7 — ShoneeKapoor (@ShoneeKapoor) October 15, 2025",MISLEADING,en,altnews,https://www.altnews.in/man-seen-kissing-a-woman-during-virtual-court-hearing-is-not-a-judge/
[The story only uses screenshots and not the entire video in view of the violent nature of the content.],MISLEADING,hinglish,altnews,https://www.altnews.in/manipur-woman-shot-dead-on-road-viral-video-is-actually-from-myanmar-misreprot-by-assam-newspaper/
"उसका अब्दुल सब से अलग था pic.twitter.com/6C5UiNpSQZ — Arpita Shaivya (@arpispeaks) June 1, 2023",MISLEADING,hi,altnews,https://www.altnews.in/mannequin-carried-on-bike-image-from-cairo-viral-with-communal-spin-in-india/
"In UP’s Mirzapur, a CRPF personnel was brutally assaulted by the Kanwariyas at the railway station. pic.twitter.com/t5R19OvNfL — Piyush Rai (@Benarasiyaa) July 19, 2025",MISLEADING,en,altnews,https://www.altnews.in/many-incidents-of-violence-have-been-recorded-during-kanwar-yatra-again-this-year-and-its-increasing/
"सिमी एनकाउंटर फर्जी सर्जिकल स्ट्राइक फर्जी काला धन वापसी फर्जी देश का विकास फर्जी मैं भौकूं जी, मेरी मर्ज़ी वोट देगा मेरा अब्दुल दर्जी #SIMI pic.twitter.com/FW9ZNB7Hct — Amit Rajwant (@amitrajwant) November 2, 2016",MISLEADING,hi,altnews,https://www.altnews.in/mera-abdul-aisa-nahi-hai-how-the-abdul-trope-has-been-mainstreamed-to-demonise-muslim-men/
"फरीदाबाद में बाटा मेट्रो स्टेशन पर आज एक बहुत बड़े आतंकी हमले को अपने फौजी भाइयों ने नाकाम कर उस आतंकी को गिरफ्तार किया,देखना ये भी इस्लामिस्ट ही होगा स्योर है । जयहिन्द, #जयहिन्दकीसेना pic.twitter.com/PI8y24JQlI — यमुनाशंकर पाण्डेय ( एलएलएम, पीएचडी )क्रिमनोलॉजी (@YSPanday1) June 25, 2022",MISLEADING,hi,altnews,https://www.altnews.in/mock-drill-video-shared-as-terrorist-arrested-in-faridabad-metro-station/
"ये सीरिया नहीं है! ये पकिस्तान भी नहीं है! ये भारत का बिहार है बिहार में 4 जिहादियों ने मिलकर हिंदू लड़की को घसीटा और अश्लील हरकतें करते रहे पूरे बिहार में ये आम बात है,रोज कई हिंदू परिवार पलायन कर रहे हैं, पर नीतीश कुमार & लालू परिवार जालीदार टोपी और ईद की सेवईयों में मस्त हैं! pic.twitter.com/fTWHWGSdSk — Shalini kumawat ( हिन्द की नारी ) (@ShaliniKumawat0) May 30, 2023",MISLEADING,hi,altnews,https://www.altnews.in/molestation-video-viral-with-false-communal-claims-gaya-police-to-initiate-action-against-twitter-user/
"जब ट्रेलर ऐसा है तो फिल्म कैसी होगी ? pic.twitter.com/iJ1crwfCTc — ठाकुर साहब (@Narpats62770513) June 15, 2022",MISLEADING,hi,altnews,https://www.altnews.in/morphed-poster-of-2015-film-muhammed-viral/
"कैसा लगेगा जब आप लेटर पर पोस्टल स्टांप लगाने जा रहे हों और उस स्टांप पर आपकी ही तस्वीर हो। ऐसी ही खुशी मुझे हुई जब मैंने देखा कि भारत सरकार ने मेरे नाम और फोटो का स्टांप जारी किया है। यह एक गर्व करने वाला पल था। इस सम्मान के लिए मैं भारत सरकार/डाक विभाग को दिल से धन्यवाद करता हूं pic.twitter.com/uMwVo6r16Z — Dr. Vivek Bindra (@DrVivekBindra) January 11, 2023",MISLEADING,hi,altnews,https://www.altnews.in/motivational-speaker-dr-vivek-bindra-makes-false-claim-india-post-didnt-release-stamp-by-his-name/
"मध्यप्रदेश हाई कोर्ट ने रेप के दोषी मोहम्मद फिरोज की मौत की सजा को उम्रकैद में बदला! कहा , “दयालु था मोहम्मद फ़िरोज , लड़की को जिंदा छोड़ दिया!” — Ashish Vyas (@ashishvyas__) October 23, 2022",MISLEADING,hi,altnews,https://www.altnews.in/mp-highcourt-reduce-rape-convicts-sentence-to-20-years-right-wing-communalize-the-order/
"आपके अब्दुल ने भी मैकअप कर दिया pic.twitter.com/xpLjFMUPN3 — कोमल यादव (@Ydavkomal) September 3, 2025",MISLEADING,hi,altnews,https://www.altnews.in/muslim-husband-beat-up-hindu-wife-no-photos-of-bangladeshi-couple-viral-with-islamophobic-abdul-trope/
The story uses only screenshot of relevant social media posts and not the actual posts to protect the identity of the minor girl.,MISLEADING,hinglish,altnews,https://www.altnews.in/muslim-man-kidnapped-minor-hindu-girl-jammu-case-falsely-communalized/
[The following story contains descriptions of violence and graphic videos.],MISLEADING,en,altnews,https://www.altnews.in/muslim-man-lynched-for-blasphemy-in-pak-rw-twitter-users-claim-he-was-a-christian/
"Muslim Migrant in the Netherlands URINATES on the Pork section at a supermarket while the migrant filming him says “We Don’t Eat Pork.” pic.twitter.com/9HsSjvwJzq — Oli London (@OliLondonTV) December 17, 2023",MISLEADING,hinglish,altnews,https://www.altnews.in/muslim-man-urinating-on-pork-in-supermarket-no-its-a-prank-video-by-dutch-youtuber/
No Evidence of Appointment of Muslims and Christians As priests,MISLEADING,en,altnews,https://www.altnews.in/muslim-priests-in-kerala-temples-video-of-ritualistic-dance-viral-with-false-communal-claim/
"52 साल की महिला को दिल दे बैठा 21 साल का लड़का. सोशल मीडिया पर वीडियो हुआ वायरल. #ATDigital #ViralVideo #Shadi #ShockingVideo pic.twitter.com/cYFE9pNAdO — AajTak (@aajtak) December 14, 2022",MISLEADING,hi,altnews,https://www.altnews.in/no-22-yr-old-man-didnt-marry-52-yr-old-woman-news-outlets-fell-for-scripted-video/
