claim,label,language,source,url,verdict_raw
"An X user shared the photo and wrote, “Is it a university or a marriage agency? Who gave them the right to do moral policing?""",MISLEADING,en,boomlive,https://www.boomlive.in/fact-check/jamia-millia-ramzan-couple-nikah-claim-fake-notification-viral-30738,Jamia Milia
"Explore trending political fact-checks on elections, leaders, and viral claims. Stay informed with accurate news, photos, and videos on India's politics and global issues with BOOM.",MISLEADING,en,boomlive,https://www.boomlive.in/fact-check/politics,Fact Check
"Verified Instagram account BRICS News and multiple other accounts shared the video with the false claim it shows real scenes from Iran’s hypersonic missile striking Haifa,Israel.",MISLEADING,en,boomlive,https://www.boomlive.in/fact-check/viral-video-iran-hypersonic-missile-attack-haifa-israel-claim-fact-check-28967,Israel-Iran Conflict
"Several users on X shared the image along with a collage of the alleged attacker, linking him to AAP leader Gopal Italia and, by extension, to party chief Arvind Kejriwal. One user captioned it, claiming, ""The Man who slapped Rekha Gupta is a  friend of Gopal Italia, MLA from AAP Party & Very Close to Kejriwal.""",MISLEADING,en,boomlive,https://www.boomlive.in/fact-check/viral-photo-aap-leader-gopal-italia-delhi-chief-minister-rekha-gupta-attacker-claim-fact-check-29299,Delhi
"Verified X handle @EnkiduBornAgain shared the clip with an Urdu caption that roughly translates to, “A shocking incident has taken place. If Yogi Adityanath also speaks against the military generals, every fair minded person will stand with him. He is raising his voice in a way no one else can. Every true soldier of Imran Khan stands with you, Yogi.”",MISLEADING,en,boomlive,https://www.boomlive.in/fact-check/cm-yogi-demanding-resigns-from-narendra-modi-on-bangladesh-violence-is-fake-30362,Yogi Adityanath
Multiple social media posts shared two videos claiming that Firstpost’s managing editor Palki Sharma and NDTV managing editor Shiv Aroor reported that four senior Bihar NDA leaders were being investigated for financing Pakistan’s PTI.,MISLEADING,en,boomlive,https://www.boomlive.in/fact-check/false-claims-indian-journalists-report-bihar-leaders-funding-pakistan-pti-30073,Bihar Elections
"Video shows Delhi CM Rekha Gupta saying, ""They had been hacking EVMs for 70 years, but when we did it, suddenly it became a problem.""",MISLEADING,en,boomlive,https://www.boomlive.in/fact-check/fake-news-viral-video-delhi-cm-rekha-gupta-evm-rigging-admission-misleading-factcheck-29557,Rekha Gupta
Video shows Stewart ridiculing Trump’s tariff policy toward India,MISLEADING,en,boomlive,https://www.boomlive.in/fact-check/fake-news-jon-stewart-mocking-trump-taj-mahal-samosas-india-tariffs-ai-voice-over-factcheck-29394,Donald Trump
The viral video was posted on an X account,MISLEADING,en,boomlive,https://www.boomlive.in/fact-check/bondi-beach-attack-australian-pm-anthony-albanese-cancel-visas-of-pakistanis-ai-generated-video-viral-fact-check-30273,AI Generated
Photo shows an anti-India protester who was run over by an unknown truck driver in Bangladesh during a recent protest,MISLEADING,en,boomlive,https://www.boomlive.in/fact-check/viral-photo-bangladesh-anti-india-protest-truck-unknown-run-over-claim-fact-check-30359,Bangladesh
Apple Fired 'Liquid Glass' Designer,MISLEADING,en,boomlive,https://www.boomlive.in/fact-check/fake-news-apple-firing-lead-designer-jon-yongfook-behind-ios-26s-liquid-glass-visual-display-news-misreporting-satirical-post-factcheck-28768,Apple
"The video was shared on Facebook with the caption, ""Cloud burst at Kolkata Bagha Jatin."" Click",MISLEADING,en,boomlive,https://www.boomlive.in/fact-check/kolkata-rains-cloud-burst-heavy-rains-overnight-viral-video-unrelated-guwahati-false-fact-check-29580,Kolkata
Afghanistan Foreign Minister Amir Khan Muttaqi says persecution of Indian Muslims is India's 'Internal matter',MISLEADING,en,boomlive,https://www.boomlive.in/fact-check/fake-news-afghan-foreign-minister-amir-khan-muttaqi-statement-indian-muslims-persecution-is-indias-internal-matter-29732,Afghanistan
Video shows Muslim male and female students separated by a partition in a classroom in Kerala,MISLEADING,en,boomlive,https://www.boomlive.in/fact-check/fake-news-viral-video-kerala-classroom-muslim-boys-girls-partition-maharashtra-coaching-institute-nanded-factcheck-29811,Kerala
"A verified user on X posted the video with the caption, ""Escalators collapsed and many dead at BM Habitat Mall, Mysore"".",MISLEADING,en,boomlive,https://www.boomlive.in/fact-check/viral-video-escalators-collapsing-inside-mysuru-mall-karnataka-claim-fact-check-29494,Karnataka
The 55-second video posted on the Instagram handle @bible_prediction shows PM Modi appearing to say that Jesus Christ offers freedom from sin and a new life.,FALSE,en,boomlive,https://www.boomlive.in/fact-check/viral-video-christianity-jesus-christ-prime-minister-narendra-modi-claim-fact-check-30625,False
"The viral video shows a person removing a sanitary napkin from an orange coloured packet with a label detailing Congress' Mai Bahin Maan Yojana and party leader Rahul's photo on top. The person then goes on to open a folded sanitary pad, revealing Rahul Gandhi's face on it.",MISLEADING,en,boomlive,https://www.boomlive.in/fact-check/rahul-gandhi-photo-viral-video-sanitary-pads-napkins-bihar-elections-28994,Rahul Gandhi
Videos show fire at Qatar’s Ras Laffan LNG facility after Iran’s missile attack.,MISLEADING,en,boomlive,https://www.boomlive.in/fact-check/viral-videos-qatar-ras-laffan-lng-hub-iran-missile-attack-fire-fact-check-30880,US-Israel attack Iran
"Facebook users shared the video with the caption, ""RUSSIA EARTHQUAKE. A few shots from Russia when this massive earthquake happened. Scary."" Click",MISLEADING,en,boomlive,https://www.boomlive.in/fact-check/viral-videos-earthquake-visuals-from-russia-july-30-claim-fact-check-29198,Russia
Video shows Leh ADC saying they have arrested Wangchuk on the orders of Home Minister Amit Shah,MISLEADING,en,boomlive,https://www.boomlive.in/fact-check/viral-video-ladakh-leh-adc-sonam-wangchuk-was-arrested-on-the-directions-of-home-minister-amit-shah-ai-voice-over-factcheck-29674,Sonam Wangchuk
"Discover -""Sansani Nahin Sirf Sach-"" with Aasif Sheikh. BOOM shares COVID-19 tips, vaccine safety, and mental health guidance for senior citizens. Stay safe with reliable information.",MISLEADING,en,boomlive,https://www.boomlive.in/mediabuddhi/senior-citizens,Senior Citizens
The X user (@Mushk_0) posted four videos claiming:,MISLEADING,en,boomlive,https://www.boomlive.in/fact-check/deepfake-videos-sonam-wangchuk-death-custody-fake-claim-30111,Sonam Wangchuk
"In the viral video, Chavan who is president of the BJP Maharashtra wing, can be seen bowing to a man wearing a black pathani suit with a jacket. One user shared the video on X with a claim in English and Marathi , ""BJP + AIMIM tie up in BMC election. Watch BJP Ravindra Chavhan touching feet of MIM leader. Someone had said something at that time ... We can live without power for a while, we will stay home if needed, but we will not form an alliance with MIM""",MISLEADING,en,boomlive,https://www.boomlive.in/fact-check/viral-video-bjp-aimim-alliance-maharashtra-bjp-president-touching-feet-aimim-leader-claim-fact-check-30447,BJP
Photos show same man posing as Delhi University student and porter meeting Rahul Gandhi,MISLEADING,en,boomlive,https://www.boomlive.in/fact-check/fake-news-paid-actor-du-student-porter-with-rahul-gandhi-congress-videos-photos-factcheck-28698,Rahul Gandhi
Photos show Kumar voting earlier in Delhi and now in Bihar,MISLEADING,en,boomlive,https://www.boomlive.in/fact-check/fake-news-viral-photos-kanhaiya-kumar-bihar-delhi-voting-photos-bihar-election-2025-factcheck-29936,Bihar Elections
"The video is being shared with the caption, ""Upper Caste Protest Turns Fiery: Shoes Thrown, Effigies of PM Modi & Amit Shah Burnt Over New UGC Law.""",MISLEADING,en,boomlive,https://www.boomlive.in/fact-check/viral-video-protest-burning-effigies-pm-modi-home-minister-amit-shah-ugc-new-rules-claim-fact-check-30584,UGC
Photo shows Former PM Manmohan Singh and Sharad Pawar welcoming the Pakistani cricket team after 26/11 Mumbai terror attacks,MISLEADING,en,boomlive,https://www.boomlive.in/fact-check/fake-news-viral-photo-manmohan-singh-shaking-hands-with-pakistani-cricket-players-2011-not-2008-factcheck-29538,Asia Cup
Video shows stray dog guarding homeless girl,MISLEADING,en,boomlive,https://www.boomlive.in/fact-check/fake-news-viral-video-stray-dog-guarding-homeless-girl-sleeping-on-the-street-ai-factcheck-29903,AI Generated
"The video is being shared with the caption, ""Huge numbers of crows in Tel Aviv stormed the area for more hell to come. The situation in Israel is terrifying in every respect.""",MISLEADING,en,boomlive,https://www.boomlive.in/fact-check/viral-video-crow-flying-bad-omen-israel-doomsday-claim-fact-check-30911,US-Israel attack Iran
"Several social media users posted the video with a Hindi caption that translates to, ""Open fight in Israeli parliament. Even Israeli MPs do not support the Zionist government and the BJP leaders of India are raising the slogan ""Israel, you fight, we are with you"". (Original Text in Hindi: इजरायली पार्लियामेंट में खुलकर लड़ाई। जयोनिष्ट सरकार को खुद इजरायल के सांसद समर्थन नहीं करते और भारत के भजपिल्ले ""इजरायल तुम संघर्ष करो, हम तुम्हारे साथ है"" का नारा लगा रहे है।)",MISLEADING,en,boomlive,https://www.boomlive.in/fact-check/viral-video-israel-lawmakers-parliament-fighting-war-claim-fact-check-28876,Israel-Iran Conflict
Video shows Chief of Defence Staff Anil Chauhan saying that Indian government has surrendered Arunachal Pradesh and Ladakh,MISLEADING,en,boomlive,https://www.boomlive.in/fact-check/fake-news-general-anil-chauhan-ai-video-indian-government-has-surrendered-arunachal-and-ladakh-to-china-30160,China
"An X user shared the video with the caption, ""Breaking: Finally Indian Airforce Chief admits India did lose 6 Jets and one Heron UAV during May 7th Air engagements."" BOOM had earlier fact checked similar videos which were manipulated using AI to target Indian defence chiefs after the escalation between India and Pakistan in May.",MISLEADING,en,boomlive,https://www.boomlive.in/fact-check/viral-video-indian-air-chief-marshal-ap-singh-loss-six-indian-jets-operation-sindoor-claim-fact-check-29244,Operation Sindoor
"A verified X user shared the video with the caption, ""This Muslim boy was luring a minor Hindu girl into his room, he was luring the girls into his net by talking sweetly. Now the local Hindus caught him, the rest of his treatment was done properly behind closed camera Pustang Pelai. District chamoli village karnprayag. Nori goun"".",MISLEADING,en,boomlive,https://www.boomlive.in/fact-check/viral-uttarakhand-chamoli-minor-man-apprehended-communal-claim-fact-check-29273,Uttarakhand
"Explore Decode Voices for in-depth interviews and expert analysis on technology trends, innovations, and industry insights. Stay informed with authoritative opinions.",MISLEADING,en,boomlive,https://www.boomlive.in/decode/interviews,Decode
Videos show Iranian strikes on Tel Aviv,FALSE,en,boomlive,https://www.boomlive.in/fact-check/fake-news-viral-videos-iran-tel-aviv-strikes-old-video-ai-video-factcheck-30839,False
"The video is being shared on X with the caption, ""Iran has made hell out of Israel.""",MISLEADING,en,boomlive,https://www.boomlive.in/fact-check/fake-news-viral-video-iran-strikes-israel-video-indonesia-plastic-factory-fire-video-factcheck-30942,US-Israel attack Iran
Notice issued by Dev Bhoomi Uttarakhand University (DBUU) stating that it would award 50 marks to students attending Modi's rally,MISLEADING,en,boomlive,https://www.boomlive.in/fact-check/fake-news-viral-notice-dev-bhoomi-uttarakhand-university-awarding-50-marks-for-attending-pm-narendra-modi-rally-factcheck-29942,Narendra Modi
Two videos are being shared on social media claiming to be from Delhi's Uttam Nagar. The,MISLEADING,en,boomlive,https://www.boomlive.in/fact-check/uttam-nagar-viral-videos-misleading-claims-fact-check-raichur-banswara-30907,Read Full Article
The video is being shared on X with captions claiming it shows gunfire inside the Saudi royal palace in Riyadh.,MISLEADING,en,boomlive,https://www.boomlive.in/fact-check/fake-news-viral-video-gunfire-inside-the-saudi-royal-palace-old-video-2018-factcheck-30902,US-Israel attack Iran
"The video was posted with the caption, ""Iran hit the 5th generation F-35 fighter of the US Air Force. An American F-35 fighter made an emergency landing at an air base in the Middle East after coming under Iranian fire, sources told CNN"".",MISLEADING,en,boomlive,https://www.boomlive.in/fact-check/viral-video-us-fighter-jets-abandoned-destroyed-f-35-iran-claim-fact-check-30904,US-Israel attack Iran
The video is being shared on X with the claim that Al Jazeera released CCTV footage showing Netanyahu meeting military generals in a bunker shortly before all of them were killed in an Iranian missile attack.,MISLEADING,en,boomlive,https://www.boomlive.in/fact-check/fake-news-viral-video-netanyahu-dying-in-a-bunker-cctv-footage-iran-israel-factcheck-30879,US-Israel attack Iran
Video shows COAS Dwivedi criticising Pakistan’s entry on Gaza Peace board,MISLEADING,en,boomlive,https://www.boomlive.in/fact-check/fake-news-viral-video-coas-army-chief-general-upendra-dwivedi-criticising-pakistan-gaza-peace-board-deepfake-30563,Indian Army
"The viral video shows CDS Chauhan saying the NDA alliance was able to win because of Indian armed forces' Trishul excercises. He can be heard saying, ""Prime Minister Modi and his aim of saffronisation has led to a wider public demand that the Indian Army ""gets rid of the DNA of the invaders."" Chauhan can be further heard admitting that he suggested the removal of 50% of the non-caste Hindus from the army by 2028 since the Indian army needs to be """,MISLEADING,en,boomlive,https://www.boomlive.in/fact-check/chief-of-defense-staff-anil-chauhan-bihar-elections-nda-win-viral-video-ai-voice-fact-check-30007,CDS Anil Chauhan
Sonam Wangchuk's father was part of the team with CIA that lost a plutonium-powered nuclear generator on Nanda Devi Himalayan mountain,MISLEADING,en,boomlive,https://www.boomlive.in/fact-check/fake-news-newspaper-clipping-shared-falsely-claiming-sonam-wangchuks-father-cia-connection-nanda-devi-mission-29707,Sonam Wangchuk
"The video is being shared on X with the caption that the Indian Navy carried out a missile strike on an Iranian warship. The video with the caption was posted by the handle @Proudindiannavi, which has been",MISLEADING,en,boomlive,https://www.boomlive.in/fact-check/fake-news-viral-video-indian-navy-attack-iran-ship-fact-checkn-30938,US-Israel attack Iran
"In the 43-seconds viral video, Shah appears to make remarks about Pakistan being part of “Undivided India” (Akhand Bharat) and claims that if it succeeds in mediating the US-Iran war, it would be a win for India. He is also heard calling Pakistan Army Chief Asim Munir an “enemy,” adding that India knows how to deal with its enemies.",MISLEADING,en,boomlive,https://www.boomlive.in/fact-check/viral-video-union-home-minister-amit-shah-pakistan-mediation-us-iran-war-win-for-india-claim-fact-check-30963,Amit Shah
"A Facebook user posted the viral image with the caption, ""Legends in one frem ."" (sic)",MISLEADING,en,boomlive,https://www.boomlive.in/fact-check/viral-image-lionel-messi-virat-kohli-rohit-sharma-tendulkar-ms-dhoni-mumbai-marine-drive-goat-tour-ai-fact-check-30277,Lionel Messi
"An X user @RealBababanaras shared the video with the caption, ""IAF fighter jets escorting President Putin's airplane while entering Indian Airspace. Long live India-Russia Friendship."" BOOM has fact checked the handle multiple times in the past for peddling misinformation.",MISLEADING,en,boomlive,https://www.boomlive.in/fact-check/viral-video-russian-president-vladimir-putin-iaf-jets-escorting-fact-check-30182,Vladimir Putin
"Photos shows the Delhi blast patient without a plaster while meeting the Delhi CM Rekha Gupta, and later a plaster was added before PM Modi’s visit",MISLEADING,en,boomlive,https://www.boomlive.in/fact-check/fake-news-aap-leader-saurabh-bhardwaj-blast-victim-hand-plaster-rekha-gupta-narendra-modi-factcheck-29970,Delhi Blast
Photo shows Fatima Sana kneeling and touching the feet of Smriti Mandhana,MISLEADING,en,boomlive,https://www.boomlive.in/fact-check/fake-news-viral-photo-ai-generated-pakistan-women-captain-fatima-sana-touching-india-smriti-mandhanas-feet-factcheck-29710,India
"Multiple users on X and Facebook shared a video claiming that Lt Gen Rahul R Singh had admitted India lost two S-400 missile systems during ""Operation Sindoor."" The viral post shows him allegedly saying, “We are currently in negotiations with Russia to get two S-400 systems by the end of August, which we lost to Chinese missiles on 10th May.” (",MISLEADING,en,boomlive,https://www.boomlive.in/fact-check/india-s400-missile-false-claim-pakistan-viral-video-fact-check-29079,Operation Sindoor
"The images are being shared on X and Facebook with captions suggesting that Mayor Mamdani and his mother were part of Epstein’s inner circle. One prominent post wrote, ""Seems like Jeffrey Epstein was a significant part of the childhood of New York Mayor Zohran Mamdani."" (",FALSE,en,boomlive,https://www.boomlive.in/fact-check/zohran-mamdani-mira-nair-epstein-ai-photos-fake-30635,Deepfake
A footage showing a massive explosion was shared on X (,MISLEADING,en,boomlive,https://www.boomlive.in/fact-check/false-nuclear-attack-claim-tianjin-explosion-misused-in-iran-israel-conflict-28814,Israel-Iran Conflict
"A user on X shared the video with the caption, ""The entire opposition leaders of Israel left the parliament just before Modi was about to speak by saying, ""WE HAVE NOTHING TO DO WITH THIS MAN""!""",MISLEADING,en,boomlive,https://www.boomlive.in/fact-check/viral-video-prime-minister-modi-israel-pm-netanyahu-opposition-boycott-claim-fact-check-30757,Narendra Modi
"Several Indian X accounts shared the video with the caption, ""Look the Republic's public on the Republic Day"".",MISLEADING,en,boomlive,https://www.boomlive.in/fact-check/viral-video-child-ballon-seller-man-popping-ballons-india-claim-fact-check-30542,India
"The video shows Gandhi addressing a crowd in Hindi. He says, ""When Jagannath Yatra is taken out in Odisha... you think... Jagannath Yatra's rath (chariot) is taken out, lakhs of people watch it and follow it and then, a drama takes place."" Social media users claimed Rahul Gandhi referred to Puri's Rath Yatra festival a 'drama' and shared the video with the",MISLEADING,en,boomlive,https://www.boomlive.in/fact-check/rahul-gandhi-called-odisha-ratha-yatra-drama-cropped-video-viral-congress-misleading-fact-check-29041,Rahul Gandhi
"The viral clip was posted on the X handle @RealBababanaras with a sarcastic caption, ""Watch : Watch: A donkey just stormed into Pakistan’s Parliament… Opposition or ruling party? Hard to tell.""",MISLEADING,en,boomlive,https://www.boomlive.in/fact-check/donkey-in-pakistan-parliament-viral-video-ai-generated-fact-check-30188,AI Generated
"Indians can now get lifetime UAE Golden Visas by paying AED 1,00,000 (~₹23 lakh), without needing to buy property or start a business.",MISLEADING,en,boomlive,https://www.boomlive.in/fact-check/uae-golden-visa-pti-vfs-rayad-group-23-lakh-false-claim-media-misreporting-29005,Press Trust of India
"The video is being shared on social media with text overlaid on it that reads, ""This video is not for everyone. Only for those who are ready to change their future"".",MISLEADING,en,boomlive,https://www.boomlive.in/fact-check/viral-video-union-finance-minister-nirmala-sitharaman-investment-platform-claim-fact-check-30639,Finance Minister
"A user posted the video on Threads with a caption, ""Gautam Gambhir warns Indian fans trolling him and Suryakumar Yadav after today’s loss against South Africa, urging restraint and backing the team.""",MISLEADING,en,boomlive,https://www.boomlive.in/fact-check/viral-video-gautam-gambhir-indian-fans-trolling-warning-claim-fact-check-30732,Gautam Gambhir
"Social media posts on X with videos claim that Iran has hit key intelligence sites including Mossad's headquarters in Tel Aviv, and videos showing flattered buildings, and building on fire.",MISLEADING,en,boomlive,https://www.boomlive.in/fact-check/fake-news-videos-ai-tel-aviv-strikes-mossad-headquarters-iran-strikes-videos-ai-old-unrelated-factcheck-30871,US-Israel attack Iran
"A verified X user shared the video with the caption, “Pregnant minors treated like animals and the world still debates ‘proof,’” along with a hashtag linking it to the Epstein Files.",MISLEADING,en,boomlive,https://www.boomlive.in/fact-check/viral-video-torture-pregnant-minors-epstein-files-claim-fact-check-30656,Jeffrey Epstein
"The video, shared widely since yesterday (",MISLEADING,en,boomlive,https://www.boomlive.in/fact-check/trump-fake-video-tesla-production-ban-fact-check-deepfake-analysis-28758,Donald Trump
Video shows Iran Shooting Down US Fighter Jet,MISLEADING,en,boomlive,https://www.boomlive.in/fact-check/fake-news-visuals-iran-shooting-down-united-states-fighter-jets-cgi-simulation-game-factcheck-28860,Israel-Iran Conflict
"The viral video was shared on Facebook with the caption, ""🔥When India releases water, Pakistan drowns. When India holds it back, Pakistan dries. Pakistan, always sinking or thirsting, never thinking."" (",MISLEADING,en,boomlive,https://www.boomlive.in/fact-check/trump-fake-video-claims-india-caused-pakistan-floods-fact-check-29430,Donald Trump
"The video is being shared online with a Hindi caption that translates to, ""A female police officer shot dead in Raebareli"".",MISLEADING,en,boomlive,https://www.boomlive.in/fact-check/viral-video-female-police-officer-shot-dead-raebareli-uttar-pradesh-fact-check-29907,Uttar Pradesh
"Multiple users on X, including the handle @InsiderWB (",MISLEADING,en,boomlive,https://www.boomlive.in/fact-check/nitish-kumar-false-claims-modi-shah-pahalgam-attack-ai-video-debunked-29998,Nitish Kumar
"An old viral message claims that Singapore is the first country in the world to conduct an autopsy on a COVID-19 victim. According to the claim, the investigation revealed that COVID-19 is not a virus, but bacteria exposed to radiation, which allegedly causes death by blood clotting or thrombosis.",MISLEADING,en,boomlive,https://www.boomlive.in/fast-check/factcheck-old-covid-19-claim-viral-thrombosis-cause-of-death-false-claim-28677,COVID-19
Neha Kakkar Arrested For Revealing Trading Platform Which Increased Her Investments,MISLEADING,en,boomlive,https://www.boomlive.in/fact-check/fake-news-neha-kakkar-arrest-investment-site-kapil-sharma-show-interview-indian-express-scam-website-factcheck-28799,Scams
Video shows COAS General Dwivedi saying Army plans to reduce Non-Hindu soldiers by over 50 percent by 2028.,MISLEADING,en,boomlive,https://www.boomlive.in/fact-check/fake-news-viral-video-ai-voice-upendra-dwivedi-reducing-non-hindu-soldiers-factcheck-29924,Indian Army
Video shows Ravish Kumar reporting that NDA parties in Bihar funded Pakistan's PTI for them to say that Operation Sindoor is a success,MISLEADING,en,boomlive,https://www.boomlive.in/fact-check/fake-news-viral-video-ravish-kumar-nda-bihar-funded-pti-imran-khan-pro-india-operation-sindoor-success-factcheck-30048,Ravish Kumar
Multiple users on X (,FALSE,en,boomlive,https://www.boomlive.in/fact-check/deepfake-general-anil-chauhan-jet-loss-claim-fact-check-operation-sindoor-29151,Deepfake
"Users shared the video with the caption: ""After the tsunami hit Russia, 5 beluga whales got stranded in Kamchatka. Fishermen kept them wet and safe until the tide returned. All 5 made it back to the sea"". Click",MISLEADING,en,boomlive,https://www.boomlive.in/fact-check/five-beluga-whales-ashore-old-video-viral-russia-tsunami-earthquake-false-claim-fact-check-29201,Russia
"Several X users shared the video with the caption, ""Mumbai Airport closed!""",MISLEADING,en,boomlive,https://www.boomlive.in/fact-check/viral-video-mumbai-airport-flooded-maharashtra-waterlogging-claim-fact-check-29288,Mumbai
"Social media users are sharing the videos to claim that people in Israel have taken to the streets, chanting slogans such as ""Iran, forgive us.""",MISLEADING,en,boomlive,https://www.boomlive.in/fact-check/fact-check-videos-israelis-apologising-to-iran-ai-generated-false-claim-28832,Israel-Iran Conflict
"X handle @ManipurPost5 shared the video and wrote, ""Indian PM Modi surrendering and accepting the Indian Air Force’s Rafale defeats against Pakistan. These shameless Indian armed forces can only oppress innocent civilians in Manipur. FREE MANIPUR!""",MISLEADING,en,boomlive,https://www.boomlive.in/fact-check/viral-video-prime-minister-narendra-modi-rafale-pakistan-claim-fact-check-30711,Narendra Modi
The video was posted on X by the handle Iran Press (@GP_Presss) claiming that Iran had launched a heavy strike on an Indian oil tanker carrying crude oil in the Strait of Hormuz.,MISLEADING,en,boomlive,https://www.boomlive.in/fact-check/fake-news-viral-video-iran-heavy-strike-on-an-indian-oil-tanker-ai-video-factcheck-30866,US-Israel attack Iran
"A user shared the video on X with the caption, ""Famous Indian Singer from Assam Zubin Garg died in Singapore while Scuba Diving.Here is the last moment video.""",MISLEADING,en,boomlive,https://www.boomlive.in/fact-check/assamese-singer-zubeen-garg-last-moments-death-singapore-scuba-diving-drowning-false-viral-video-fact-check-29556,Fact Check
"The video was posted by pro-Pakistan X handle @InsiderWb with the caption, ""Breaking: Shashi Tharoor rips apart Modi Government ""If you saw Donald Trump’s latest tweet crediting Pakistan with stepping in to end the Iranian war, you know why I am standing here in shock. It feels like a massive strategic failure by the Indian government.""",MISLEADING,en,boomlive,https://www.boomlive.in/fact-check/viral-video-congress-mp-shashi-tharoor-india-us-iran-war-strategy-pakistan-praise-claim-fact-check-30986,Shashi Tharoor
"In the viral video a security guard exposes woman pretended to be pregnant by stuffing stolen clothes beneath her dress. The video is viral with a caption in Hindi that translates to, ""Indian-origin Ananya Alwani brought shame to India in America. She stuffed clothes worth over one lakh rupees under her top. Ananya, alias Jimisha, had gone to America to meet her family members. CCTV footage showed employees spotting her, and she was chased and caught.""",MISLEADING,en,boomlive,https://www.boomlive.in/fact-check/fake-news-viral-video-indian-woman-us-shoplifting-mexico-unrelated-video-jimisha-anaya-avlani-factcheck-29063,Viral Video
The Instagram reel (,MISLEADING,en,boomlive,https://www.boomlive.in/fact-check/ai-video-falsely-claimed-as-delhi-blast-footage-near-red-fort-29956,Delhi Blast
"The video was posted on X with the ANI logo and the caption, ""We have already lost a billion-dollar Rafale market because of the inefficiency of the Indian Air Force, which lost 8 jets.” Emmanuel Macron doesn't sound AI"".",MISLEADING,en,boomlive,https://www.boomlive.in/fact-check/viral-video-france-president-emmanuel-macron-rafale-deal-market-loss-modi-claim-fact-check-30716,Emmanuel Macron
Video shows PM Modi announcing Free LPGs under Ujjwala Yojana,MISLEADING,en,boomlive,https://www.boomlive.in/fact-check/fake-news-viral-video-pm-modi-announcing-free-lpg-cylinders-iran-war-factcheck-30867,US-Israel attack Iran
"The audio clip, widely shared on X (archived here) and Facebook, purportedly features Piers Morgan saying:",FALSE,en,boomlive,https://www.boomlive.in/fact-check/piers-morgan-fake-audio-praising-india-ai-generated-viral-claim-debunked-29317,Deepfake
"The viral video shows one of the seven people on an orange rescue boat doing CPR on an unresponsive person lying down while others help. A man can be heard saying, ""Zubeen! Zubeen! Are you okay? Someone call the ambulance. Stay with us."" A Facebook user posted the video with the caption, ""Zubeen garg singapore Viral Video.""",MISLEADING,en,boomlive,https://www.boomlive.in/fact-check/assamese-singer-zubeen-garg-singapore-scuba-diving-death-cpr-video-viral-ai-generated-fact-check-29588,Zubeen Garg
"The video is circulating on X with the caption, ""The headquarters of Kalleh Dairy, located in Amol, Mazandaran Province, Iran, was allegedly targeted in an airstrike. Further details regarding the extent of the damage and potential casualties have not yet been confirmed.""",MISLEADING,en,boomlive,https://www.boomlive.in/fact-check/viral-video-iran-dairy-factory-airstrike-kalleh-fire-airstrike-claim-fact-check-30943,US-Israel attack Iran
Video shows Amit Shah blaming Ajit Doval demanding PM Modi's resignation over Operation Sindoor,MISLEADING,en,boomlive,https://www.boomlive.in/fact-check/fake-news-video-amit-shah-blames-ajit-doval-pakistan-strikes-modi-resign-operation-sindoor-factcheck-29572,Amit Shah
"Several users on Instagram shared the video with a Hindi caption that translates to, “Six boys assaulted a woman, beat her up, and dumped her. The girl is from Jharkhand.”",MISLEADING,en,boomlive,https://www.boomlive.in/fact-check/viral-video-jharkhand-six-people-rape-woman-dead-claim-fact-check-29003,Jharkand
Photo shows shooter Naveed Akram in a Pakistani cricket jersey,MISLEADING,en,boomlive,https://www.boomlive.in/fact-check/fake-news-viral-photo-bondi-beach-attack-naveed-akram-pakistan-cricket-jersey-photo-factcheck-30266,Australia
"An X user shared the video with the caption, ""ARMED ROBOTS TESTED — FUTURE OF WAR WITHOUT HUMANS? Footage of a Unitree Robotics robot during a shooting test is circulating. The idea of autonomous machines carrying weapons is unsettling. If this is the direction technology is heading, future wars may no longer require human soldiers.""",MISLEADING,en,boomlive,https://www.boomlive.in/fact-check/viral-video-chinese-company-unitree-robots-war-preparation-weapons-claim-fact-check-30710,China
"Several verified users on X shared the video with the caption, ""BREAKING: Reports circulating on social media claim that Iran has launched a major strike toward the sea area near Israel. However, there is no confirmed evidence of a nuclear attack, and these claims remain unverified at this time.""",MISLEADING,en,boomlive,https://www.boomlive.in/fact-check/viral-video-iran-attack-sea-route-near-israel-claim-fact-check-30812,US-Israel attack Iran
Video shows Iranian retaliatory strikes in Dubai,MISLEADING,en,boomlive,https://www.boomlive.in/fact-check/fake-news-viral-video-united-states-israel-iran-airstrikes-dubai-video-old-2022-factcheck-30781,Dubai
Sharing this video of a building on fire on,MISLEADING,en,boomlive,https://www.boomlive.in/fact-check/fact-check-video-of-fire-in-england-falsely-shared-as-attack-tel-aviv-28868,Israel-Iran Conflict
"Several X users shared the video with the caption, ""Breaking News Iran destroyed the US airbase in Riyadh, Saudi Arabia. However, Iran did launch missiles at Al Udeid Air Base in Qatar  in retaliation for US strikes on Iranian nuclear facilities. The attack code named Operation Fateh Khaiber"". (sic)",MISLEADING,en,boomlive,https://www.boomlive.in/fact-check/viral-video-iran-attack-us-air-base-saudi-arabia-claim-fact-check-30782,Iran
"Several verified handles on X shared the video with the caption, ""Indian armed forces takes over from West Bengal Police now. Now in Malda, No Appeasement, just pure Action in Army style"". (sic)",MISLEADING,en,boomlive,https://www.boomlive.in/fact-check/viral-video-indian-army-deployment-west-bengal-claim-fact-check-30979,West Bengal
"Several verified X users shared the video with the caption, ""BREAKING An Indian national has reportedly been detained in Tehran on suspicion of espionage, allegedly passing sensitive intelligence to Mossad. Iranian authorities are investigating the extent of the breach and possible links to a wider spy network.""",MISLEADING,en,boomlive,https://www.boomlive.in/fact-check/viral-video-indian-caught-tehran-spying-for-mossad-iran-claim-fact-check-30824,US-Israel attack Iran
The video was posted by the X handle,MISLEADING,en,boomlive,https://www.boomlive.in/fact-check/viral-video-haryana-youth-soldier-help-war-russia-claim-fact-check-30099,Russia
"A verified X handle (@Baba_Thoka) posted the video and wrote, ""Breaking News: Lt Gen Rajiv Ghai (Retd) slams BJP & Narendra Modi’s politics, wxarns that any saffronization or politicization of the Indian Armed Forces will destroy morale. “We will resist all attempts to make the Indian Army subservient to Hindutva.” (sic)",MISLEADING,en,boomlive,https://www.boomlive.in/fact-check/viral-video-lieutenant-general-rajiv-ghai-saffronisation-indian-army-claim-fact-check-29805,Indian Army
Videos Show Recent Attacks Between Iran And Israel,MISLEADING,en,boomlive,https://www.boomlive.in/fact-check/fake-news-viral-videos-iran-strikes-israel-old-videos-october-2024-fact-check-28811,Israel-Iran Conflict
"Several X users posted the video with the caption, ""Bombshell dropped by Trump. Trump confirms 7 Indian Jet Losses including 3 Rafales during Indo-Pak May standoff. He also disclosed how he mediated for ceasefire on request of Indian Government. This is HUGE!!""",MISLEADING,en,boomlive,https://www.boomlive.in/fact-check/viral-video-us-president-donald-trump-india-pakistan-conflict-pahalgam-terror-attack-claim-fact-check-29451,Donald Trump
Photos show destroyed US military aircraft and a pilot being rescued from Iranian territory.,MISLEADING,en,boomlive,https://www.boomlive.in/fact-check/us-iran-war-ai-visuals-passed-off-as-military-jet-strike-pilot-rescue-30976,US-Israel attack Iran
"Several social media users posted the video with the caption, ""A new exodus? People are leaving Tel Aviv in droves. News reports confirm evacuations due to Israel-Iran escalations, with strikes on Tel Aviv around June 13-19. While the Gazan are still in Gaza, they're not fleeing anywhere."" Click",MISLEADING,en,boomlive,https://www.boomlive.in/fact-check/viral-video-iran-israel-conflict-tel-aviv-residents-leaving-claim-fact-check-28839,Israel-Iran Conflict
"The video was shared by NDTV India's Instagram account with the caption, ""नेपाल में असामाजिक तत्वों ने पशुपतिनाथ मंदिर में भी तोड़फोड़ शुरू कर दी है."" (Translation: Anti-social elements in Nepal have also started vandalizing the Pashupatinath temple). The video has since been deleted.",MISLEADING,en,boomlive,https://www.boomlive.in/fact-check/no-this-video-does-not-show-nepal-protesters-storming-pashupatinathtemple-29473,Nepal
"An X user shared the video with the caption, ""Jaipur to Delhi Indian Gen Z slogans 'Vote Chor Gaddi Chhod', 'Vote Chor BJP'"". (sic) The slogan has been coined by the Indian National Congress party which has levelled allegations of vote theft in various elections by the ruling Bharatiya Janata Party (BJP) in collusion with the Election Commission of India.",MISLEADING,en,boomlive,https://www.boomlive.in/fact-check/viral-video-torchlight-rally-jaipur-delhi-indian-gen-z-anti-government-claim-fact-check-30036,GenZProtest
"Several users on the internet shared the video with the caption, ""Road collapse near Bandra Kurla Complex in Mumbai"".",MISLEADING,en,boomlive,https://www.boomlive.in/fact-check/viral-video-road-collapse-bandra-kurla-complex-mumbai-thailand-bangkok-claim-fact-check-29699,Thailand
"X user Ocean Jain (@ocjain4) claimed that 8 to 10 women journalists were present at the presser in the Afghan embassy. The caption in Hindi translates to, ""The truth is also that women reporters were present in the press conference of Afghanistan's Foreign Minister. See the photo and count how many women are there... I can see 8-10. But our opposition, afflicted with the disease of Modi hatred, couldn't see them.""",MISLEADING,en,boomlive,https://www.boomlive.in/fact-check/afghanistan-foreign-minister-mea-press-conference-women-journalists-presence-false-claim-viral-fact-check-29729,Afghanistan
"Several verified X users shared the video with a Hindi caption that translates to, 'He is a camera man, I have to admit, he has not missed a single scene. Just think where will you get such a good scene, after seeing the whole of Israel turning into rubble, this camera man did not miss a single point. Iran turned the building into sawdust in such a way that Israel was left speechless.'",MISLEADING,en,boomlive,https://www.boomlive.in/fact-check/viral-video-iran-israel-conflict-missile-attack-on-building-claim-fact-check-28855,Israel-Iran Conflict
Photo shows Congress workers in Kerala placing a garland on Rahul Gandhi's picture on Rajiv Gandhi's death anniversary.,MISLEADING,en,boomlive,https://www.boomlive.in/fact-check/viral-photo-congress-leader-rahul-gandhi-garland-flowers-rajiv-gandhi-death-anniversary-kerala-claim-fact-check-28683,Indian National Congress (INC)
"Sonam Wangchuk attended a climate conference in Pakistan early this year. Days after the activist's detention under NSA, viral claims draw links between his visit to Pakistan and the protests in Leh.",MISLEADING,en,boomlive,https://www.boomlive.in/fact-check/sonam-wangchuk-pakistan-amit-malviya-nsa-arrest-ladakh-protests-sixth-schedule-dawn-29644,Sonam Wangchuk
"A verified handle on X shared the video with the caption, ""Indian Airforce Chief blames India Air defense officers for the loss of S-400 systems. He says that operators of the system couldn't use the mobility of the weapons timely to evade Pakistan Airforce strikes on the Air defense systems. He assures India that not to worry as they have ordered 2 more systems from Russia.""",MISLEADING,en,boomlive,https://www.boomlive.in/fact-check/viral-video-indian-air-force-chief-ap-singh-admitting-loss-s-400-claim-fact-check-29561,IAF
"Viral video shows Rahul Gandhi and a young woman walking through an airport together. Gandhi can also be seen putting an arm around her. An X user posted the video with the caption, ""Congress's 56-year-old flag-bearer has been spotted abroad with a young woman."" (Translated from Hindi)",MISLEADING,en,boomlive,https://www.boomlive.in/fact-check/rahul-gandhi-spotted-with-young-woman-london-airport-viral-video-fact-check-29968,Rahul Gandhi
Video shows Colonel Sofia Qureshi saying Trishul exercises are a political gimmick for Bihar election,MISLEADING,en,boomlive,https://www.boomlive.in/fact-check/fake-news-viral-video-ai-voice-colonel-sofiya-qureshi-trishul-exercises-bihar-election-fact-check-29913,Bihar Elections
"The viral video claims to show one Raju Patel from Pench, Madhya Pradesh who under the influence of homemade liquor, petted a Bengal tiger mistaking it for a cat. The caption concocts a bizarre story which says that the mysterious Raju Patel tried to make the animal drink from his bottle of alcohol and ultimately walked away unharmed. A user on X claimed that the incident happened on October 4, 2025.",MISLEADING,en,boomlive,https://www.boomlive.in/fact-check/drunk-man-raju-patel-pet-bengal-tiger-pench-madhya-pradesh-viral-video-ai-generated-fake-fact-check-29868,MADHYA PRADESH
"A user on X posted the viral graphic with the caption, ""Crocodile tears. He is just making that the same saga repeats with his daughters & grand daughters & many others by collaborating with ISI & CIA.""",MISLEADING,en,boomlive,https://www.boomlive.in/fact-check/bangladesh-dhaka-tribune-viral-graphic-fake-quote-muhammad-yunus-mother-pakistan-fact-check-30303,Muhammad Yunus
The video shows smoke rising from behind a tree as sirens can be heard in the background. It is,MISLEADING,en,boomlive,https://www.boomlive.in/fact-check/fake-news-terrorist-attack-in-washington-united-states-unrelated-video-delivery-van-on-fire-arlington-virginia-factcheck-28937,United States
"Narendra Modi, born in 1950, Vadnagar, Gujarat is the current Prime Minister of India since 2014. He started his political journey with the Rashtriya Swayamsevak Sangh (RSS) before joining the Bharatiya Janata Party (BJP) in the 1980s. Modi served as the Chief Minister of Gujarat from 2001 to 2014..BOOM has debunked several pieces of misinformation surrounding Modi and also claims made on or by Modi. One instance involved a viral video falsely depicting PM Modi urging people to -""Vote for...",MISLEADING,en,boomlive,https://www.boomlive.in/tags/narendra-modi,Fact Check
Photo shows a bus stuck on the newly built Mira-Bhayandar flyover,MISLEADING,en,boomlive,https://www.boomlive.in/fact-check/fake-news-mira-road-flyover-bus-stuck-ai-generated-factcheck-30657,Mira Road
Gandhi claimed 6–7 year olds complained their names were removed from voter rolls in Bihar.,MISLEADING,en,boomlive,https://www.boomlive.in/fact-check/politics/fake-news-rahul-gandhi-children-names-deleted-from-bihar-voter-list-factcheck-29335,Rahul Gandhi
"An Instagram page sharing the video claimed, reckless burning of fire crackers by two youths inside a car set it ablaze and injured the two during Diwali in Saharanpur, Uttar Pradesh.The sarcastic text with the video claims, ""Guess the AQI of his stupidity? Car loaded with crackers bursts into flames after a man lights fire-crackers through its sunroof.""",MISLEADING,en,boomlive,https://www.boomlive.in/fact-check/car-burning-fire-crackers-through-sunroof-uttar-pradesh-diwali-false-claim-old-video-viral-fact-check-29801,Uttar Pradesh
Photos Show Ajay Devgn And Shahid Afridi Chatting During 2025 World Championship of Legends (WCL),MISLEADING,en,boomlive,https://www.boomlive.in/fact-check/fake-news-ajay-devgn-shahid-afridi-talking-wcl-2024-old-photos-world-championship-of-legends-factcheck-29073,Ajay Devgn
"A verified handle on X shared the video with the caption, ""Illegal Bangladeshis plan to attack officials in Goalpara, Assam with home made sharp spears and stones. What should be done to them?""",MISLEADING,en,boomlive,https://www.boomlive.in/fact-check/viral-video-illegal-bangladeshi-infiltrators-assam-goalpara-officials-attack-claim-fact-check-29231,Assam
"The photo is viral with the caption, ""US B 2 Bombers are not leaving Iran, already one is down.""",MISLEADING,en,boomlive,https://www.boomlive.in/fact-check/viral-photo-us-air-force-b2-spirit-stealth-bomber-shot-down-iran-claim-fact-check-28865,Israel-Iran Conflict
Video show people gathered at Gandhi's rally in Bihar,MISLEADING,en,boomlive,https://www.boomlive.in/fact-check/fake-news-viral-video-rahul-gandhi-india-alliance-rally-video-bullock-cart-race-mahrashtra-factcheck-29291,Rahul Gandhi
"An X user shared the video with the caption: ""JUST IN: Indian Foreign Minister Jaishankar stated that India lost three French-made Rafale fighter jets during clashes with Pakistan."" Click",MISLEADING,en,boomlive,https://www.boomlive.in/fact-check/viral-video-external-affairs-minister-s-jaishankar-loss-rafale-jets-pakistan-claim-fact-check-28982,Operation Sindoor
"Several verified right-wing handles on X posted the picture with the caption, ""Sweet couple. Daughter of drug lord with Pappu"".",MISLEADING,en,boomlive,https://www.boomlive.in/fact-check/viral-picture-congress-leader-rahul-gandhi-drug-mafia-daughter-claim-fact-check-29470,Indian National Congress (INC)
"A verified X user shared the video with the caption, ""Deputy Leader of Nobel Peace Prize says, ""PM Narendra Modi is the biggest contender for the Nobel Peace Prize."" Click",MISLEADING,en,boomlive,https://www.boomlive.in/fact-check/peace-prize-asle-toje-deputy-leader-of-nobel-committee-pm-modi-biggest-contender-claim-fact-check-29474,Nobel Prize
Amit Malviya shared the image on X (,MISLEADING,en,boomlive,https://www.boomlive.in/fact-check/netherlands-rss-stamp-misleading-claim-fact-check-boomlive-29731,Rashtriya Swayamsevak Sangh
Videos show police action against arrested supporters of Bhim Army by Prayagraj Police.,MISLEADING,en,boomlive,https://www.boomlive.in/fact-check/prayagraj-bhim-army-arrests-false-viral-videos-from-rajasthan-28984,Bhim army
Iranian Woman Dancing In The Rain Protesting Against The Iranian Regime,MISLEADING,en,boomlive,https://www.boomlive.in/fact-check/fake-news-iran-woman-dancing-in-rain-protest-iranian-regime-georgian-woman-factcheck-28834,Israel-Iran Conflict
"Ponting Slams Indian players for handshake row calling India a ""perpetual sore loser""",MISLEADING,en,boomlive,https://www.boomlive.in/fact-check/fake-news-asia-cup-2025-ricky-ponting-fake-quote-india-sore-loser-pakistan-handshake-factcheck-29518,Asia Cup
"A verified X user shared the video with the caption,",MISLEADING,en,boomlive,https://www.boomlive.in/fact-check/viral-video-old-muslim-man-marrying-minor-girl-claim-fact-check-30701,muslim
"Multiple Indian news outlets, including",MISLEADING,en,boomlive,https://www.boomlive.in/fact-check/media-outlets-add-false-communal-angle-to-dhaka-lynching-incident-29031,Media Misreporting
"On October 16, 2025, Karnataka Chief Minister Siddaramaiah posted on X",MISLEADING,en,boomlive,https://www.boomlive.in/fact-check/karnataka-shakti-scheme-misleading-world-record-claim-explained-29766,Siddaramaiah
Videos show US military losses due to attack by Iran.,MISLEADING,en,boomlive,https://www.boomlive.in/fact-check/viral-videos-us-israel-attack-iran-us-navy-claim-fact-check-30876,US-Israel attack Iran
Video Shows Indian Army Chief Admitting Losing Six Jets To Pakistan,MISLEADING,en,boomlive,https://www.boomlive.in/fact-check/fake-news-ai-voice-over-video-army-chief-general-upendra-dwivedi-admitting-that-india-lost-6-jets-and-2-50-soldiers-factcheck-29250,India
Video shows Garg losing consciousness underwater,MISLEADING,en,boomlive,https://www.boomlive.in/fact-check/fake-news-viral-video-zubeen-garg-drowning-underwater-ai-generated-video-scuba-diver-factcheck-29578,Assam
Statement issued by match referee Andy Pycroft slamming Pak players,MISLEADING,en,boomlive,https://www.boomlive.in/fact-check/fake-news-match-referee-andy-pycroft-statement-against-pakistani-players-india-pak-match-handshake-row-factcheck-29523,Asia Cup
"A verified handle on X shared the photograph with a Hindi caption that translates to, ""Dude, who did this now? It's a picture of the Maldives Defense Ministry building.."" (Original Text in Hindi: अबे यार अब ये किसने कर दिया? मालदीव रक्षा मंत्रालय के बिल्डिंग की तस्वीर है..)",MISLEADING,en,boomlive,https://www.boomlive.in/fact-check/viral-picture-prime-minister-narendra-modi-maldives-defence-ministry-building-surrender-fact-check-29152,Narendra Modi
"Several users on X and Facebook shared a video claiming to show Barack Obama speaking at length about India’s rise as a global power. In the purported speech, Obama can be heard saying that “the world fears the rise of a new giant, India” and crediting India’s youth, economy, and military strength for reshaping the world order.",FALSE,en,boomlive,https://www.boomlive.in/fact-check/obama-fake-video-praising-india-modi-ai-generated-content-29469,False
Video shows Ladhak DGP saying they have arrested Wangchuk without evidence on the orders of Defence Minister,MISLEADING,en,boomlive,https://www.boomlive.in/fact-check/fake-news-viral-video-ladakh-dgp-sonam-wangchuk-was-arrested-on-the-directions-of-the-indian-defence-minister-ai-voice-over-factcheck-29645,Sonam Wangchuk
"The video is being shared on X with the claim that a British nuclear-powered Royal Navy submarine has arrived in the Arabian Sea, suggesting the UK has escalated its involvement in the ongoing conflict against Iran.",MISLEADING,en,boomlive,https://www.boomlive.in/fact-check/fake-news-viral-video-uk-nuclear-submarine-in-arabian-sea-iran-war-gibraltar-video-factcheck-30896,US-Israel attack Iran
"A verified X user shared the video with the caption, ""Modi Ji wins elections because of visible development like this, not because of false allegations of vote chori.""",MISLEADING,en,boomlive,https://www.boomlive.in/fact-check/video-bridge-jammu-srinagar-nh-44-india-development-claim-fact-check-30527,Jammu & Kashmir
The 39 seconds video is being shared claiming that Trump said Iran attacked the U.S. aircraft carrier.,MISLEADING,en,boomlive,https://www.boomlive.in/fact-check/fake-news-viral-video-saying-iran-attacked-uss-ford-from-17-angles-video-venezuala-factcheck-30959,US-Israel attack Iran
"The X account Discourse Lab (@LabDiscourse) shared the fake letter with text claiming, ""Jaishankar’s letter to France confirms one thing: the Rafale controversy is far from over. New Delhi is struggling to contain the fallout of leaked communications."" The account also used trending hashtags in the same post; typically seen in engagement farming accounts.",MISLEADING,en,boomlive,https://www.boomlive.in/fact-check/viral-letter-india-france-rafale-deal-external-affairs-minister-s-jaishankar-letter-claim-fact-check-30230,S Jaishankar
The image of Modi with women workers was,MISLEADING,en,boomlive,https://www.boomlive.in/fact-check/modi-elections-kerala-assam-assembly-behind-the-scenes-staged-photographs-30975,Narendra Modi
Video shows Indira Gandhi stunned into silence after she was asked a tough question on the Emergency,MISLEADING,en,boomlive,https://www.boomlive.in/fact-check/fake-news-viral-video-indira-gandhi-questioned-about-emergency-remains-silent-deepfake-ai-video-factcheck-30219,indira gandhi
The video is being shared on X with claims that it shows U.S. soldiers being held captive by Iranian soldiers.,MISLEADING,en,boomlive,https://www.boomlive.in/fact-check/fake-news-viral-video-us-soldiers-captured-by-iran-ai-video-factcheck-30822,US-Israel attack Iran
Video shows Iranian strikes in Tel Aviv,MISLEADING,en,boomlive,https://www.boomlive.in/fact-check/fake-news-viral-video-tel-aviv-iranian-missiles-hitting-ai-generated-factcheck-30795,US-Israel attack Iran
"A user on X shared the video and wrote, ""Home Minister Amit Shah hit back at Lt. Gen. Vinay Ghai, openly calling for the saffronization of the Indian Army. He said anyone opposing the politicization of the force should be sent to Pakistan, claiming it’s a “Hindutva Army” and will remain so.""",MISLEADING,en,boomlive,https://www.boomlive.in/fact-check/viral-video-union-home-minister-amit-shah-indian-army-hindutva-rss-hindu-claim-fact-check-29848,Amit Shah
"A video of a young girl pausing her violin play, mid performance, is viral with a false claim that people from the Muslim community disrupted the live concert. The 1.17-minute",MISLEADING,en,boomlive,https://www.boomlive.in/fact-check/video-kerala-violinist-show-halted-communal-spin-police-action-factcheck-28960,Kerala
"Several social media users claimed that the passengers were quarrelling over seat 11A, which is an emergency exit seat, suggesting the incident was real. Find the posts",MISLEADING,en,boomlive,https://www.boomlive.in/fact-check/fact-check-scripted-video-airplane-quarrel-not-a-real-incident-28909,Ahmedabad Plane Crash
Video shows Rani Mukerji scolding Rajdeep Sardesai,MISLEADING,en,boomlive,https://www.boomlive.in/fact-check/fake-news-rani-mukerji-shouts-at-rajdeep-sardesai-fat-remark-video-cropped-gunda-police-acting-factcheck-29688,Bollywood
Video shows Wangchuk saying that Ladakhis would show China the way to invade India,MISLEADING,en,boomlive,https://www.boomlive.in/fact-check/fake-news-viral-video-misleading-claim-sonam-wangchuk-supports-china-invade-india-ladakh-factcheck-29649,Sonam Wangchuk
"Photos show Kali and Saraswati idols vandalised in a communal incident in Nadia, West Bengal",MISLEADING,en,boomlive,https://www.boomlive.in/fact-check/fake-news-amit-malviya-false-communal-spin-west-bengal-idol-vandalism-case-factcheck-30411,Amit Malviya
An X user shared the video with the caption,MISLEADING,en,boomlive,https://www.boomlive.in/fact-check/viral-video-iran-missile-attack-bahrain-king-fahd-bridge-claim-fact-check-30801,US-Israel attack Iran
Several Pakistani social media users claimed that the Indian airspace was used by US bombers to conduct the airstrikes in Iran (archived,MISLEADING,en,boomlive,https://www.boomlive.in/fact-check/us-airstrikes-iran-indian-airspace-claim-fact-check-28864,Israel-Iran Conflict
Video shows NSW Premier Chris Minns confirming that Indian nationals were behind the Bondi Beach attack,MISLEADING,en,boomlive,https://www.boomlive.in/fact-check/fake-news-viral-video-ai-nsw-premier-bondi-beach-attack-australia-attackers-indian-factcheck-30272,Bondi Beach shooting
"One such post features two visuals: one showing a damaged building with the word 'Mosad' written on it, and another showing an explosion at a high-rise building.",MISLEADING,en,boomlive,https://www.boomlive.in/fact-check/viral-video-israel-iran-conflict-attack-blast-mossad-headquarters-tel-aviv-claim-fact-check-28825,Israel-Iran Conflict
"A Facebook user shared the photo with a Malayalam caption that translates to, ""The sights in Bangladesh are terrifying.""",MISLEADING,en,boomlive,https://www.boomlive.in/fact-check/viral-photo-demolition-hindu-deity-statue-bangladesh-claim-fact-check-30403,Bangladesh
The video showing a raft with five people overturning on a fast-flowing river is viral with false claims in Hindi and English that the rafters were swept away in the accident in Rishikesh.,MISLEADING,en,boomlive,https://www.boomlive.in/fact-check/viral-video-uttarakhand-rishikesh-rafting-accident-six-people-swept-away-claim-fact-check-28750,Uttarakhand
"The video was posted with the caption, ""BIG BREAKING Naxalites have reportedly attacked an India-Israel drone facility in Delhi, triggering a massive explosion & fire that has engulfed the entire complex. Sources suggest at least 50 workers, including Indian & Israeli personnel killed.""",MISLEADING,en,boomlive,https://www.boomlive.in/fact-check/viral-video-drone-facility-india-israel-delhi-claim-fact-check-30826,US-Israel attack Iran
The video shows disturbing visuals of two cows knocking over an old man in a busy street and trampling on him leaving the victim unresponsive. A user on Facebook posted the video with the,MISLEADING,en,boomlive,https://www.boomlive.in/fact-check/maharashtra-nashik-video-cow-trampled-old-man-viral-as-bihar-punsia-ndtv-india-false-fact-check-29078,Maharashtra
Video shows Shah Saying That In 1960 Sardar Patel Opposed Indus Treaty,MISLEADING,en,boomlive,https://www.boomlive.in/fact-check/amit-shah-1960-sardar-patel-air-india-radio-indus-treaty-speech-lok-sabha-factcheck-29193,Amit Shah
The video is being shared on X with a caption claiming that Iran has struck a U.S. Navy warship attempting to pass through the Strait of Hormuz.,MISLEADING,en,boomlive,https://www.boomlive.in/fact-check/fake-news-viral-video-iran-strikes-us-navy-warship-factcheck-30913,US-Israel attack Iran
"The graphic attributed to News24 is circulating on social media, with a Hindi text: 50 % of the second part of Taare Zameen Par earnings will be donated to Gaza victims.",MISLEADING,en,boomlive,https://www.boomlive.in/fact-check/factcheck-aamir-khan-sitaare-zameen-par-gaza-false-claim-28861,Aamir Khan
"Emir of Qatar, Sheikh Tamim Al Thani insults US President Donald Trump and calls him a robber.",FALSE,en,boomlive,https://www.boomlive.in/fact-check/deepfake-video-of-qatar-emir-insulting-trump-debunked-by-boom-28630,Deepfake
Statement issued by Special CP Ravindra Yadav confirming Delhi blast due to CNG explosion,MISLEADING,en,boomlive,https://www.boomlive.in/fact-check/fake-news-delhi-police-cp-ravindra-yadav-delhi-blast-cng-explosion-quote-factcheck-29949,Delhi Blast
"A verified user on X shared the video with the caption, ""This is the level of Stubble Burning going on in Punjab. This is a perennial cause of air pollution in Delhi and its suburbs.""",MISLEADING,en,boomlive,https://www.boomlive.in/fact-check/viral-video-stubble-burning-incident-punjab-air-quality-index-aqi-delhi-air-pollution-fact-check-29779,Air pollution
"The video is being shared with a Hindi caption that translates to, ""Watch this video carefully, you will get goosebumps. Another video of Ahmedabad plane crash is going viral rapidly"".  (Original Text in Hindi: ध्यान से देखिए इस वीडियो को रोंगटे खड़े हो जाएंगे अहमदाबाद प्लेन क्रैश का एक और वीडियो तेजी से वायरल हो रहा है)",MISLEADING,en,boomlive,https://www.boomlive.in/fact-check/viral-video-people-jumping-from-building-fire-air-india-ahmedabad-plane-crash-claim-fact-check-28788,Ahmedabad Plane Crash
"Several Bengali social media users shared the video mocking the chief minister. The accompanying text translates to: ""Only she has the magical ability to cook without fire. Being a fire girl herself, cooking over fire is a luxury. Why do you keep looking at the camera?""",MISLEADING,en,boomlive,https://www.boomlive.in/fact-check/viral-video-west-bengal-chief-minister-mamata-banerjee-cooking-without-fire-claim-fact-check-29806,Mamata Banerjee
Photo shows Malabar gold showroom empty after #BoycottMalabarGold campaign,MISLEADING,en,boomlive,https://www.boomlive.in/fact-check/fake-news-old-photo-malabar-gold-showroom-boycott-call-online-factcheck-29769,gold
The video shows a girl being dragged inside a car when a pedestrian tries to intervene and save her. A user,MISLEADING,en,boomlive,https://www.boomlive.in/fact-check/muslim-men-kidnap-muslim-girl-hindu-harshvardhan-save-victim-misleading-sri-lanka-video-viral-fact-check-29511,Sri Lanka
Video shows COAS proposing to give Arunachal to China in order to appease China to stop supporting Pakistan,MISLEADING,en,boomlive,https://www.boomlive.in/fact-check/fake-news-viral-video-coas-upendra-dwivedi-china-arunahcal-pradesh-china-ai-generated-deepfake-30098,China
"Ravi Laxmi Chitrakar, wife of former Nepal PM Jhala Nath Khanal died after their house was set on fire",MISLEADING,en,boomlive,https://www.boomlive.in/fact-check/fake-news-ex-nepal-pm-khanal-wife-ravi-laxmi-chitrakar-dead-burnt-alive-misreporting-india-factcheck-29482,Nepal
Image shows ICC media release banning Pakistan for one year,MISLEADING,en,boomlive,https://www.boomlive.in/fact-check/fake-news-media-release-icc-pakistan-banned-one-year-icc-t20-world-cup-factcheck-30637,Pakistan
"All five images in the collage are of the destruction that took place at Manikarnika Ghat in Varanasi on January 9, 2026.",MISLEADING,en,boomlive,https://www.boomlive.in/fact-check/manikarnika-ghat-ahilyabai-holkar-shrine-demolition-fact-check-30577,Varanasi
"An X user shared the video with the caption, ""Look, bootlickers, Modi is overshadowing even in Nepal, why don't you all drown taking Rahul Gandhi along with you."" (Original caption in Hindi: देखो चमचों मोदी नेपाल में भी छाया हुआ है‚ तुम लोग डूब कर मर क्यों नहीं जाते आहुल गांडी को साथ में लेकर के।)",MISLEADING,en,boomlive,https://www.boomlive.in/fact-check/nepal-prime-minister-narendra-modi-rally-gen-z-protest-viral-video-sikkim-tribe-false-fact-check-29486,Nepal
Video shows Aleema Khan saying that Asim Munir is a 'radicalised Islamist' and wants 'war with India',MISLEADING,en,boomlive,https://www.boomlive.in/fact-check/viral-video-imarn-sister-interview-radical-islamist-asim-munir-wants-war-with-india-deepfake-video-sky-news-30181,Imran Khan
Video shows Pawar's plane crashing at Baramati airport,MISLEADING,en,boomlive,https://www.boomlive.in/fact-check/fake-news-viral-video-ajit-pawar-plane-crash-baramati-venezuela-video-plane-crash-factcheck-30583,Ajit Pawar
Photos show YouTuber Jyoti Malhotra pictured with Rahul Gandhi,MISLEADING,en,boomlive,https://www.boomlive.in/fact-check/fake-news-rahul-gandhi-with-vlogger-jyoti-malhotra-pakistan-factcheck-28628,Operation Sindoor
"Explore BOOM Business Fact-Checks for verified insights on financial scams, banking policies, UPI fees, and business trends. Stay protected with accurate information.",MISLEADING,en,boomlive,https://www.boomlive.in/fact-check/business,Fact Check
"An X handle @SAsiaAffairs shared the video with the caption, ""When the Australia mass shooting happened, Indians rushed to blame ‘Pakistanis’, just like they did after the Pahalgam attack. Now that the shooters are of Indian origin, will anyone admit the truth, or is lying the default setting?"" (sic)",MISLEADING,en,boomlive,https://www.boomlive.in/fact-check/viral-video-ndtv-exclusive-report-bondi-beach-attack-case-claim-fact-check-30282,NDTV
"The video was shared on X by the account Pakistan Defence (@PakDef_), claiming that Al-Jazeera News confirmed Indian involvement in the killing of Osman Hadi in Bangladesh (",FALSE,en,boomlive,https://www.boomlive.in/fact-check/al-jazeera-video-indian-involvement-osman-hadi-death-deepfake-30306,Deepfake
"As Assam heads into polling, DAHRD report finds a coordinated AI disinformation network shaping voter perception—from deepfakes targeting Gaurav Gogoi to reels labelling Bengali-origin Muslims as...",MISLEADING,en,boomlive,https://www.boomlive.in/explainers/the-reel-election-how-ai-networks-are-influencing-assams-vote-30983,Assam elections
A verified X user shared the video with the caption: “Dubai continues to burn as Iran strikes.”,MISLEADING,en,boomlive,https://www.boomlive.in/fact-check/viral-video-fire-building-uae-dubai-iran-attack-claim-fact-check-30796,US-Israel attack Iran
"The photo is being shared with the caption, ""In the newly leaked documents from the Epstein files, it has been revealed that Sheikh Mohammed bin Zayed Al Nahyan, President of the United Arab Emirates (UAE) and Emir of Abu Dhabi,was a regular at Jeffrey Epstein on his private island. Bin Zayed supports Israel  massacres.""",MISLEADING,en,boomlive,https://www.boomlive.in/fact-check/viral-photo-uae-president-mohamed-bin-zayed-al-nahyan-mbz-photo-epstein-files-laim-fact-check-30644,United Arab Emirates (UAE)
The viral video shows two men confronting a woman wearing a headscarf outside an examination center in Bilaspur. The men accuse her of helping cheat in a PWD examination while exposing various electronic devices she had with her. Bharatiya Janata Party member Priti Gandhi,MISLEADING,en,boomlive,https://www.boomlive.in/fact-check/burqa-clad-woman-cheating-in-exam-bilaspur-false-communal-claim-viral-video-hindu-muslim-fact-check-29047,"Chattisgarh,Communal Spin"
"The viral graphic with NDTV India's logo claimed Amit Shah said, ""All workers on social media, irrespective of whichever party they belong to, are living on ""our 5 kilos of ration."" (Translated from Hindi)",MISLEADING,en,boomlive,https://www.boomlive.in/fact-check/amit-shah-social-media-workers-from-all-parties-survive-on-our-5kg-ration-fake-ndtv-india-graphic-fact-check-29914,Amit Shah
"The video is being shared with the caption: ""Things became stressful during the demonstration against the UGC decision. Video can be seen that police lathi charge to control the crowd. Atmosphere of chaos became on the spot. This video shows the situation of the day the protests and administration came face to face."" (",MISLEADING,en,boomlive,https://www.boomlive.in/fact-check/august-2024-kolkata-student-rally-falsely-linked-to-recent-ugc-protests-30594,UGC
Iran launches missile with Epstein message,MISLEADING,en,boomlive,https://www.boomlive.in/fact-check/fake-news-viral-photo-iranian-missile-in-memory-of-the-victims-of-epstein-island-ai-generated-media-factcheck-30834,US-Israel attack Iran
Air Chief Marshal AP Singh spoke about warning the central government about the Tejas aircraft and said that IAF pilots will be sent to Pakistan for training.,MISLEADING,en,boomlive,https://www.boomlive.in/fact-check/viral-video-indian-air-force-chief-ap-singh-warning-government-about-tejas-crash-claim-fact-check-30072,IAF
"A Facebook user shared the video with a Hindi caption that translates to, “154 countries signed in favour of India’s changed governance at the veto!!”",MISLEADING,en,boomlive,https://www.boomlive.in/fact-check/viral-video-india-gains-right-to-veto-power-united-nations-claim-fact-check-29714,United Nation
"Viral posts on X, Facebook and Instagram state that ""800 people went missing in Delhi in just 15 days,"" with some captions suggesting that they are being sold on the darkweb (",MISLEADING,en,boomlive,https://www.boomlive.in/fact-check/800-missing-persons-delhi-january-2026-misleading-claim-police-data-30652,Delhi Police
Photo shows drones forming PM Modi's face in the sky welcoming him to China,MISLEADING,en,boomlive,https://www.boomlive.in/fact-check/fake-news-china-pm-modi-china-welcomes-drone-show-edited-photo-fact-check-29431,India
Video shows Hindu monks standing in a queue outside a polling booth during the 2026 Maharashtra municipal elections,MISLEADING,en,boomlive,https://www.boomlive.in/fact-check/fake-news-viral-video-hindu-monks-standing-in-queue-voting-video-maharashtra-election-2026-old-video-factcheck-30505,BMC
BOOM fact-checks the top five claims that went viral this week,MISLEADING,en,boomlive,https://www.boomlive.in/weekly-wrap/fact-check-friday-false-claims-operation-sindoor-india-pakistan-conflict-misinformation-28629,Operation Sindoor
"Several users on social media shared the photo with the caption, ""Virat Kohli giving autographs to a Pakistani in Perth, Australia.""",MISLEADING,en,boomlive,https://www.boomlive.in/fact-check/viral-photo-indian-cricketer-virat-kohli-signature-autograph-pakistan-flag-claim-fact-check-29764,Pakistan
"The 1:24-minute-long video, featuring an Indian Express watermark, was shared by users on X (",FALSE,en,boomlive,https://www.boomlive.in/fact-check/deepfake-video-army-chief-dwivedi-false-claim-250-soldiers-loss-29166,Deepfake
"A user on X shared the video with the caption, ""Arghh. Terrorist arrested from Andheri West Lokhandwala. This is Kamdhenu Shopping complex a few metres away from my home. Some Islam apologists say, ""Terrorism has no religion."" I say, ""but WHY do all the Terrorists have the same religion?"" (sic)",MISLEADING,en,boomlive,https://www.boomlive.in/fact-check/viral-video-maharashtra-lokhandwala-terrorist-arrest-claim-fact-check-30009,Maharashta
